"id","pasta_origem","arquivo_origem","paginas","formato","motivos_revisao","disciplina_sugerida","topico_sugerido","subtopico_sugerido","confianca","margem","enunciado"
"pc_pe_2027_material_00032","Contabilidade Geral","Contabilidade Geral/curso-362063-aula-02-9ab4-completo.pdf","11-12","multipla_escolha","options_missing","Contabilidade Geral","7. Operações contábeis diversas","Compras, vendas e provisões","0.921","0.2","Segundo o Pronunciamento CPC 16 (Estoques), quando o valor realizável líquido de um estoque torna-se inferior ao seu custo, a entidade deve A ajustar o estoque ao valor realizável líquido, reconhecendo perda. B ajustar o estoque ao valor de mercado. C reavaliar o estoque ao maior valor entre custo e mercado. D realizar o ajuste do estoque apenas quando de sua venda. E manter o estoque pelo custo histórico."
"pc_pe_2027_material_00047","Contabilidade Geral","Contabilidade Geral/curso-362063-aula-04-a12a-completo.pdf","23-25","multipla_escolha","options_missing","Contabilidade Geral","8. Balancete de verificação","Conceitos, modelos e elaboração","1","0.45","Suponha que o rol de contas a seguir tenha sido extraído do balancete patrimonial de uma entidade. matérias-primas produtos em elaboração instalações máquinas e equipamentos peças de reposição ferramentas máquinas em fase de implantação adiantamento a fornecedores de imobilizado marcas e patentes direitos sobre recursos naturais Assinale a opção que indica o número de contas do ativo imobilizado em operação integrantes do rol apresentado. A 8 B 2 C 6 D 4 E 10"
"pc_pe_2027_material_00055","Contabilidade Geral","Contabilidade Geral/curso-362063-aula-04-a12a-completo.pdf","29-30","multipla_escolha","options_missing","Contabilidade Geral","2. Patrimônio","Situação líquida","0.525","3.05","Um determinado equipamento foi comprado por R$ 10.000,00 e apresenta uma vida útil de 10 anos. O valor residual é de 10% e a depreciação é linear. A partir dos dados fornecidos na situação hipotética, o valor de depreciação anual do referido bem é de AR$ 900,00. BR$ 1.000,00. CR$ 1.500,00. 1.1.1.1. DR$ 1.800,00. ER$ 2.000,00."
"pc_pe_2027_material_00061","Contabilidade Geral","Contabilidade Geral/curso-362063-aula-05-df9e-completo.pdf","2-22","multipla_escolha","options_missing|visual_missing|oversized_question_block","Contabilidade Geral","10. Demonstração do resultado do exercício","Conceito, objetivo e composição","1","8.7","REDUÇÃO AO VALOR RECUPERÁVEL DE ATIVOS O que é mais cobrado dentro do assunto? Considerando os tópicos que compõem o nosso assunto, possuímos a distribuição percentual conforme tabela abaixo. Critérios da amostra de questões: banca Cebraspe; anos 2026 a 2015; concursos de nível superior. Quantidade de questões da amostra: 52 Tópico % de cobrança Cebraspe Aplicação do Teste de Recuperabilidade 38,46% Definições (Item 6) 13,46% Frequência do teste dos intangíveis: vida útil indefinida, vida definida e não disponíveis para uso 11,54% Identificação de ativo que pode estar desvalorizado 7,69% Reversão de perda por desvalorização 5,77% Base para estimativas de fluxos de caixa futuros (Item 33) 3,85% Elementos devem ser refletidos no cálculo do valor em uso do ativo (Item 30) 3,85% Itens sujeitos e não sujeitos ao Teste de Recuperabilidade 3,85% Reconhecimento e mensuração de perda por desvalorização (Item 60) 3,85% Reconhecimento e mensuração de perda por desvalorização 3,85% Aplicação do Teste de Recuperabilidade (Goodwill) 1,92% Taxa de desconto 1,92% ROTEIRO DE REVISÃO E PONTOS DO ASSUNTO QUE MERECEM DESTAQUE A ideia desta seção é apresentar um roteiro para que você realize uma revisão completa do assunto e, ao mesmo tempo, destacar aspectos do conteúdo que merecem atenção. Alcance O “conceito geral de recuperabilidade” é aplicado a todos os ativos, sem exceção, mas a METODOLOGIA PREVISTA NO CPC 01 não se aplica a alguns ativos, como: Definições O item 6 trouxe algumas definições, entre elas: Valor contábil é o montante pelo qual o ativo está reconhecido no balanço depois da dedução de toda respectiva depreciação, amortização ou exaustão acumulada e ajuste para perdas. Unidade geradora de caixa é o menor grupo identificável de ativos que gera entradas de caixa, entradas essas que são em grande parte independentes das entradas de caixa de outros ativos ou outros grupos de ativos. Ativos corporativos são ativos, exceto ágio por expectativa de rentabilidade futura (goodwill), que contribuem, mesmo que indiretamente, para os fluxos de caixa futuros tanto da unidade geradora de caixa sob revisão quanto de outras unidades geradoras de caixa. Despesas de venda ou de baixa são despesas incrementais diretamente atribuíveis à venda ou à baixa de um ativo ou de uma unidade geradora de caixa, excluindo as despesas financeiras e de impostos sobre o resultado gerado. Valor depreciável, amortizável e exaurível é o custo de um ativo, ou outra base que substitua o custo nas demonstrações contábeis, menos seu valor residual. CPC 01 - Não se aplica a Estoques Receita de contrato com cliente Ativos fiscais diferidos Benefícios a empregados Propriedade para investimento mensurada ao valor justo Ativos biológicos ao valor justo Contratos de seguro Ativos não circulantes mantido para venda. Depreciação, amortização e exaustão é a alocação sistemática do valor depreciável, amortizável e exaurível de ativos durante sua vida útil. Valor justo é o preço que seria recebido pela venda de um ativo ou que seria pago pela transferência de um passivo em uma transação não forçada entre participantes do mercado na data de mensuração. (Ver CPC 46 – Mensuração do Valor Justo). (Alterada pela Revisão CPC 03) Perda por desvalorização é o montante pelo qual o valor contábil de um ativo ou de unidade geradora de caixa excede seu valor recuperável. Valor recuperável de um ativo ou de unidade geradora de caixa é o maior montante entre o seu valor justo líquido de despesa de venda e o seu valor em uso. Vida útil é: (a) o período de tempo durante o qual a entidade espera utilizar um ativo; ou (b) o número de unidades de produção ou de unidades semelhantes que a entidade espera obter do ativo. Valor em uso é o valor presente de fluxos de caixa futuros esperados que devem advir de um ativo ou de unidade geradora de caixa. Identificação de ativo que pode estar desvalorizado A entidade deve avaliar ao fim de cada período de reporte, se há alguma indicação de que um ativo possa ter sofrido desvalorização. Se houver alguma indicação, a entidade deve estimar o valor recuperável do ativo. Existem três ativos que devem ser avaliados formalmente, ainda que não haja indícios de perda. São eles: - O ágio pago por expectativa de rentabilidade futura (goodwill) em combinação - Intangível com vida indefinida - Intangível que ainda não está em uso. Com base no item 12, ao avaliar se há alguma indicação de que um ativo possa ter sofrido desvalorização, a entidade deve considerar, no mínimo, as seguintes indicações: Final do exercício (período de reporte) Há indícios de desvalorização? •Sim! Teste de recuperabilidade •Não! Teste dispensado Independente de indício deve testar: •Goodwill (Combinação de negócios) •Intangível com vida útil indefinida •Intangível não disponível para uso. A relação constante do item 12 não é exaustiva. A entidade pode identificar outras indicações ou fontes de informação de que um ativo pode ter se desvalorizado, exigindo que a entidade determine o seu valor recuperável ou, no caso do ágio pago por expectativa de rentabilidade futura (goodwill), proceda ao teste de recuperação O item 14 do CPC 01 cita as seguintes evidências proveniente de relatório interno que indicam que o ativo pode ter se desvalorizado: • existência de fluxos de caixa para adquirir o ativo ou necessidades de caixa subsequentes para operar ou mantê-lo, que sejam significativamente mais elevadas do que originalmente orçadas; • existência de fluxos de caixa líquidos realizados ou lucros ou prejuízos operacionais gerados pelo ativo, que são significativamente piores do que aqueles orçados; • existência de queda significativa nos fluxos de caixa líquidos orçados ou no lucro operacional, ou aumento significativo no prejuízo orçado, gerados pelo ativo; ou • existência de prejuízos operacionais ou saídas de caixa líquidas advindos do ativo, quando os números do período atual são agregados com números orçados para o futuro. Se houver indicação de que um ativo possa ter sofrido desvalorização, isso pode indicar que a vida útil remanescente, o método de depreciação, amortização e exaustão ou o valor residual para o ativo necessitem ser revisados e ajustados em consonância com os Pronunciamentos Técnicos aplicáveis ao ativo, mesmo que nenhuma perda por desvalorização seja reconhecida para o ativo. Mensuração do valor recuperável Nem sempre é necessário determinar o valor justo líquido de despesas de venda de um ativo e seu valor em uso. Se qualquer um desses montantes exceder o valor contábil do ativo, este não tem desvalorização e, portanto, não é necessário estimar o outro valor. É possível mensurar o valor justo líquido de despesas de alienação, mesmo que não haja preço cotado em mercado ativo para ativo idêntico. Entretanto, algumas vezes não é possível mensurar o valor justo líquido Indicadores externos Valor do ativo diminuiu mais do que o normal Mudanças tecnológicas Taxas de juros aumentaram Valor contábil do PL é maior que o valor de mercado Indicadores internos Obsolescência ou dano físico do ativo Mudanças dentro da estrutura da sociedade Desempenho pior que o esperado. de despesas de alienação porque não há base para se fazer estimativa confiável do preço pelo qual uma transação ordenada para a venda do ativo ocorreria entre participantes do mercado na data de mensuração sob condições atuais de mercado. Nesse caso, o valor em uso pode ser utilizado como seu valor recuperável. Se não há razão para acreditar que o valor em uso de um ativo exceda materialmente seu valor justo líquido de despesas de venda, o valor justo líquido de despesas de venda do ativo pode ser considerado como seu valor recuperável. Esse será frequentemente o caso para um ativo que é mantido para alienação. Isso ocorre porque o valor em uso de ativo mantido para alienação corresponderá principalmente às receitas líquidas da baixa, uma vez que os futuros fluxos de caixa do uso contínuo do ativo, até sua baixa, provavelmente serão irrisórios. O valor recuperável é determinado para um ativo individual, a menos que o ativo não gere entradas de caixa provenientes de seu uso contínuo, que são, em grande parte, independentes daquelas provenientes de outros ativos ou de grupos de ativos. Se esse for o caso, o valor recuperável é determinado para a unidade geradora de caixa à qual o ativo pertence, a menos que: (a) o valor justo líquido de despesas de venda do ativo seja maior do que seu valor contábil; ou (b) o valor em uso do ativo possa ser estimado como sendo próximo do valor justo líquido de despesas de alienação e este possa ser mensurado. Valor justo líquido de despesa de venda As despesas com a baixa, exceto as que já foram reconhecidas como passivo, devem ser deduzidas ao se mensurar o valor justo líquido de despesas de alienação. Exemplos de despesas incrementais despesas legais tributos despesas com a remoção do ativo gastos diretos incrementais para deixar o ativo em condição de venda Não são despesas incrementais despesas com demissão de empregados despesas associadas à redução ou reorganização de um negócio em seguida à baixa de um ativo. Valor em uso Com base no item 30 do CPC 01, os seguintes elementos devem ser refletidos no cálculo do valor em uso do ativo: • estimativa dos fluxos de caixa futuros que a entidade espera obter com esse ativo; • expectativas acerca de possíveis variações no montante ou no período de ocorrência desses fluxos de caixa futuros; • valor do dinheiro no tempo, representado pela atual taxa de juros livre de risco; • preço pela assunção da incerteza inerente ao ativo (prêmio); e • outros fatores, tais como falta de liquidez, que participantes do mercado iriam considerar ao precificar os fluxos de caixa futuros esperados da entidade, advindos do ativo. A estimativa do valor em uso de um ativo envolve os seguintes passos: (a) estimar futuras entradas e saídas de caixa derivadas do uso contínuo do ativo e de sua baixa final; e (b) aplicar a taxa de desconto apropriada a esses fluxos de caixa futuros. 32. Os elementos identificados nos itens 30(b), (d) e (e) podem estar refletidos como ajustes dos fluxos de caixa futuros ou como ajustes da taxa de desconto. Qualquer que seja a abordagem que a entidade adote para refletir expectativas acerca de possíveis variações no montante ou no período de ocorrência de fluxos de caixa futuros, o resultado deve refletir o valor presente esperado dos fluxos de caixa futuros, ou seja, a média ponderada de todos os resultados possíveis. O Apêndice A oferece orientações adicionais acerca da utilização de técnicas de valor presente para a mensuração do valor em uso de um ativo. Composição das estimativas de fluxos de caixa futuros Com base no item 39 do CPC 01, as estimativas de fluxos de caixa futuros devem incluir: • Projeções de entradas de caixa advindas do uso contínuo do ativo; • Projeções de saídas de caixa que são necessariamente incorridas para gerar as entradas de caixa advindas do uso contínuo do ativo (incluindo as saídas de caixa para preparar o ativo para uso) e que podem ser diretamente atribuídas ou alocadas, em base consistente e razoável, ao ativo; e • Se houver, fluxos de caixa líquidos a serem recebidos (ou pagos) quando da baixa do ativo ao término de sua vida útil. Para evitar dupla contagem nas estimativas de fluxos de caixa futuros, o item 43 veda a inclusão das: • Entradas de caixa advindas de ativos que geram outras entradas de caixa que são, em grande parte, independentes das entradas de caixa do ativo sob revisão (por exemplo, ativos financeiros como contas a receber); e • Saídas de caixa que se referem a obrigações que já foram reconhecidas como passivos (por exemplo, contas a pagar, passivos de planos de pensão e provisões). O item 53A afirma que o valor justo difere do valor em uso. Sua justificativa é esta: o valor justo reflete as premissas que os participantes do mercado utilizam ao precificar o ativo. Por outro lado, o valor em uso reflete os efeitos de fatores que podem ser específicos para a entidade e não aplicáveis às entidades de modo geral.. Ainda cita alguns exemplos de fatores que não estão disponíveis a participantes do mercado e, em razão disso, não são refletidos pelo valor justo: • valor adicional obtido a partir do agrupamento de ativos (como, por exemplo, a criação de carteira de propriedades para investimento em diferentes locais); • sinergias entre o ativo que está sendo mensurado e outros ativos; • direitos legais ou restrições legais que sejam específicos somente ao proprietário atual do ativo; e • benefícios fiscais ou ônus fiscais que sejam específicos ao proprietário atual do ativo. Taxa de desconto A taxa de desconto deve ser a taxa antes dos impostos, que reflita as avaliações atuais de mercado acerca: • do valor do dinheiro no tempo; e • dos riscos específicos do ativo para os quais as estimativas de fluxos de caixa futuros não tenham sido ajustadas Aplicação do Teste de Recuperabilidade Valor recuperável de um ativo ou de uma unidade geradora de caixa é o maior (repita-se: maior) valor entre o valor justo líquido de venda de um ativo e seu valor em uso. Passos Detalhados Para o Cálculo da Valor Recuperável Vamos ver a maneira como deve ser feito o teste de recuperabilidade? Valor recuperável Valor justo líquido de despesa de venda Valor em uso Maior Teste de recuperabilidade Valor contábil maior que recuperável Registra perda Valor contábil menor que valor recuperável Nada se faz (prudência). ) Encontramos o valor contábil na data em que será feita a comparação. O valor contábil será encontrado do seguinte modo: a) Pegamos o valor de aquisição b) Retiramos a depreciação, amortização, exaustão existentes c) Subtraímos de (a) o valor de (b) 2) Encontramos o valor recuperável: maior entre valor justo e valor em uso. 2.1) Valor justo líquido de despesa de venda: Encontramos o valor pelo qual o ativo poderia ser vendido no mercado e retiramos as despesas de venda. 2.2) Valor em uso: Pegamos o valor que podemos obter com a s entradas e saídas de caixa esperados, trazendo a valor presente (a questão dará uma taxa de desconto). Somamos a isso o valor pelo qual podemos vender o ativo no final do período. Valor de uso= ∑( Fluxos de Caixa Esperados em n (1+i)n ) 3) Comparamos o valor recuperável com o valor contábil: 3.1) Valor contábil maior que valor recuperável: fazemos a redução do valor. 3.2) Valor contábil menor que valor recuperável: nada há que ser feito, por prudência. Reconhecimento e mensuração de perda por desvalorização Segundo a norma, a perda por recuperabilidade deve ser reconhecida no resultado do exercício (outras despesas), exceto se o ativo tiver sido reavaliado; neste caso a perda será lançada como reversão da reserva de reavaliação. Reversão de perda por desvalorização Se a entidade tiver perda por recuperabilidade registrada no exercício X0, por exemplo, e ocorrer o aumento do valor recuperável no exercício X1, ela deve fazer a reversão dessa perda registrada anteriormente, como uma receita. O limite para a reversão da perda é o valor contábil que o ativo possuía antes de qualquer perda ter sido registrada. Perda ""Ativos normais"" Despesa no resultado Ativos reavaliados Reversão da reserva. Não podemos reconhecer a reversão de perda por recuperabilidade no goodwill - ágio por expectativa de rentabilidade futura, pois seria o mesmo que reconhecer o goodwill gerado internamente. Quando o montante estimado da perda por desvalorização for maior do que o valor contábil do ativo ao qual se relaciona, a entidade deve reconhecer um passivo se, e somente se, isso for exigido por outro Pronunciamento Técnico. Se houver qualquer indicação de que um ativo possa estar desvalorizado, o valor recuperável deve ser estimado individualmente para cada ativo. Se não for possível estimar o valor recuperável individualmente, a entidade deve determinar o valor recuperável d a unidade geradora de caixa à qual o ativo pertence (a unidade geradora de caixa do ativo). Divulgação A entidade deve divulgar as seguintes informações para cada classe de ativos: • o montante das perdas por desvalorização reconhecido no resultado do período e a linha da demonstração do resultado na qual essas perdas por desvalorização foram incluídas; • o montante das reversões de perdas por desvalorização reconhecido no resultado do período e a linha da demonstração do resultado na qual essas reversões foram incluídas; • o montante de perdas por desvalorização de ativos reavaliados reconhecido em outros resultados abrangentes durante o período; e • o montante das reversões das perdas por desvalorização de ativos reavaliados reconhecido em outros resultados abrangentes durante o período. Não pode aumentar o valor do ativo além do valor original Reversão Receita no resultado ou Reversão da reserva de reavaliação. Lei. 6.404/76 Segundo este diploma legal: Art. 183. No balanço, os elementos do ativo serão avaliados segundo os seguintes critérios: § 3 o A companhia dever á efetuar, periodicamente, análise sobre a recuperação dos valores registrados no imobilizado e no intangível, a fim de que sejam: (Redação dada pela Lei nº 11.941, de 2009) I – registradas as perdas de valor do capital aplicado quando houver decisão de interromper os empreendimentos ou atividades a que se destinavam ou quando comprovado que não poderão produzir resultados suficientes para recuperação desse valor; ou (Incluído pela Lei nº 11.638,de 2007) II – revisados e ajustados os critérios utilizados para determinação da vida útil econômica estimada e para cálculo da depreciação, exaustão e amortização. (Incluído pela Lei nº 11.638,de 2007) APOSTA ESTRATÉGICA A ideia desta seção é apresentar os pontos do conteúdo que mais possuem chances de serem cobrados em prova, considerando o histórico de questões da banca em provas de nível semelhante à nossa, bem como a experiência do professor. Dentro do assunto “CPC 01 - Redução ao Valor Recuperável de Ativos ”, o tópico “Aplicação do Teste de Recuperabilidade” é o ponto que acreditamos ser o que possui mais chances de ser cobrado pela banca, conforme análise realizada no tópico “O que é mais cobrado dentro do assunto?”. Valor recuperável Valor justo líquido de despesa de venda Valor em uso Maior Teste de recuperabilidade Valor contábil maior que recuperável Registra perda Valor contábil menor que valor recuperável Nada se faz (prudência) Se existir perda anterior e ocorrer o aumento do valor recuperável Deve-se fazer a reversão dessa perda registrada anteriormente, como uma receita. O limite para a reversão da perda é o valor contábil que o ativo possuia antes de qualquer perda ter sido registrada. Reforçamos que a perda por recuperabilidade do goodwill não é revertida Nesta seção, apresentamos e comentamos uma amostra de questões objetivas selecionadas estrategicamente: são questões com nível de dificuldade semelhante ao que você deve esperar para a sua prova e que, em conjunto, abordam os principais pontos do assunto. A ideia, aqui, não é que você fixe o conteúdo por meio de uma bateria extensa de questões, mas que você faça uma boa revisão global do assunto a partir de, relativamente, poucas questões. Ainda sobre o registro de transações pelo sistema contábil das entidades em geral, julgue o item que se segue. (CEBRASPE/FUNPRESP-EXE/Analista de Contabilidade/2025) Deve -se reconhecer uma perda por desvalorização de um ativo imobilizado quando o seu valor contábil exceder o maior montante entre o seu valor justo líquido de despesa de venda e o seu valor em uso."
"pc_pe_2027_material_00085","Contabilidade Geral","Contabilidade Geral/curso-362063-aula-09-9cba-completo.pdf","9-21","certo_errado","oversized_question_block","Contabilidade Geral","7. Operações contábeis diversas","Aluguéis e variações monetária e cambial","1","1.95","Lembrar que cada participação diminui a base de cálculo da participação posterior. 2) A ordem das participações.: DEAPF 3) Os prejuízos acumulados são excluídos da base de cálculo do IR e das participações, através de cálculo extra contábil. Não entram na DRE. 4) O resultado do exercício é transferido para o PL. Depois disso, ocorre o cálculo e a contabilização das reservas e dos dividendos. Vale dizer, as Reservas e os dividendos não aparecem na DRE e não afetam o resultado do exercício (irão afetar os lucros acumulados, no PL). Comparando o CPC 26 e a Estrutura da Lei 6.404/76 O CPC 26 apresenta informações importantes sobre a Demonstração do Resultado do Exercício, mas não trouxe uma ordem rígida para a classificação dos itens. A disposição dos itens está relacionada na estrutura abaixo. Vamos comparar as duas estruturas: A disposição dos itens está relacionada na estrutura abaixo. Vamos comparar as duas estruturas:. LEI 6404/76 CPC 26 – Apresentação das Demonstrações Contábeis Receita Bruta (-) Deduções das Vendas Receita Líquida Receitas (-) CMV (-) CMV Lucro Bruto Lucro bruto (-) Despesas (-) Despesas --- Vendas --- Vendas --- Gerais e administrativas --- Gerais e administrativas --- Outras despesas operacionais --- Outras despesas e receitas operacionais --- Financeiras, deduzidas as receitas Lucro ou prejuízo operacional Outras receitas e outras despesas = Resultado antes Receitas e Despesas financeiras Resultado antes IR (-) Provisão IR (-) Participações: +/- Despesas e Receitas financeiras. (=) Resultado das operações continuadas --- Debêntures --- Empregados ---- Administradores --- Partes Beneficiárias Lucro ou prejuízo por ação +/- Resultado líquido das operações descontinuadas. (-) Despesas tributos sobre o lucro (-) Participações: --- Debêntures --- Empregados ---- Administradores --- Partes Beneficiárias Resultado líquido do período RECEITA BRUTA X RECEITA LÍQUIDA A Lei das S.A.s (Lei 6404/76) inicia a DRE a partir da Receita Bruta, demonstrando as deduções de vendas para chegar na receita líquida. A estrutura que aparece no pronunciamento CPC 26 já inicia da Receita Líquida. SEPARAÇÃO DAS DESPESAS E RECEITAS FINANCEIRAS O modelo do Pronunciamento CPC 26 apresenta um subtotal, chamado de “Resultado antes Receitas e Despesas Financeiras”. Seguem-se as despesas e receitas financeiras e após o Resultado antes dos tributos sobre o Lucro. A apresentação apartada do resultado financeiro ocorre para separar o resultado operacional do resultado obtido com a sobra (ou a falta) de caixa. RESULTADO DAS OPERAÇÕES DESCONTINUADAS. Atualmente, não há mais separação entre resultado operacional e resultado não operacional. Tudo é operacional! Agora, temos segregação de resultado das operações continuadas e operações descontinuadas. Vamos supor que uma empresa venda uma de suas fábricas, num determinado ano.. Essa venda pode ter um grande impacto sobre o resultado da empresa. Mas ela não terá uma fábrica todo ano para vender. É algo esporádico. Além disso, a operação descontinuada (a fábrica vendida) deverá ter reflexos nos demonstrativos contábeis dos próximos anos. É importante ressaltar que as operações descontinuadas não são as vendas normais de ativo imobilizado. APOSTA ESTRATÉGICA A ideia desta seção é apresentar os pontos do conteúdo que mais possuem chances de serem cobrados em prova, considerando o histórico de questões da banca em provas de nível semelhante à nossa, bem como a experiência do professor. Dentro do assunto “Demonstração do Resultado do Exercício ”, o tópico “DRE: Definições e Elementos ” é o ponto que acreditamos ser o que possui mais chances de ser cobrado pela banca, conforme análise realizada no tópico “O que é mais cobrado dentro do assunto?”. DRE Dinâmica Forma dedutiva Elementos (CPC 00) Receitas e Despesas se referem ao desempenho financeiro da entidade que reporta. objetivo de demonstrar a formação do resultado líquido do período Balanço Patrimonial Estática Elementos (CPC 00) Ativos, Passivos e PL se referem à posição financeira da entidade que reporta. - Estrutura da DRE: -Você precisa saber toda a estrutura da DRE, com suas deduções e adições. DRE (de acordo com Lei 6.404/76) Receita Bruta (ou Vendas Brutas) (-) Devoluções de Vendas ou Vendas Canceladas (-) Descontos incondicionais concedidos (-) Abatimentos concedidos (-) Ajuste a Valor Presente de Clientes (pela Lei 6.404/76 não entra, ter atenção a isso) (-) Tributos sobre vendas (ICMS, IPI, PIS/COFINS) (=) Receita Líquida de Vendas (-) Custo das Mercadorias Vendidas (=) Lucro Operacional Bruto (-) Despesas Gerais e Administrativas (-) Despesas Comerciais (-) Despesas Financeiras (deduzidas pelas Receitas Financeiras) (+) Outras Receitas Operacionais (-) Outras Despesas Operacionais (=) Lucro Operacional Líquido (+) Outras Receitas (-) Outras Despesas (=) LAIR (Lucro Antes do IR e da CSLL) (-) CSLL (-) IR (sobre a mesma BC da CSLL) (=) LADIR (Lucro Depois do IR e da CSLL) (-) Debêntures (BC é o valor do LADIR) (-) Empregados (BC é LADIR - D) (-) Administradores (BC é LADIR - D - E) (-) Partes Beneficiárias (BC é LADIR - D - E - A) (-) Fundos de Pensão (BC é LADIR - D - E - A - P) (=) Lucro Líquido do Exercício (LLE) (÷) Quantidade de Ações em Circulação (=) LLE por Ação DRE (de acordo com CPC 26) (=) Receita Líquida de Vendas (-) Custo das Mercadorias Vendidas (=) Lucro Operacional Bruto (-) Despesas Gerais e Administrativas (-) Despesas Comerciais (=) Resultado Antes Receitas e Despesas Financeiras (-) Despesas Financeiras (deduzidas pelas Receitas Financeiras) (+) Outras Receitas Operacionais (-) Outras Despesas Operacionais (=) Resultado antes dos tributos sobre o lucro (-) CSLL (-) IR (sobre a mesma BC da CSLL) (=) Resultado Líquido das Operações Continuadas (-) Valor Líquido das Operações Descontinuadas (=) Resultado Líquido Após Tributos das operações descontinuadas (=) Resultado após os tributos decorrente da mensuração ao valor justo menos despesas de venda ou na baixa dos ativos ou do grupo de ativos à disposição para venda que constituem a unidade operacional descontinuada (=) Resultado Líquido do Período Nesta seção, apresentamos e comentamos uma amostra de questões objetivas selecionadas estrategicamente: são questões com nível de dificuldade semelhante ao que você deve esperar para a sua prova e que, em conjunto, abordam os principais pontos do assunto. A ideia, aqui, não é que você fixe o conteúdo por meio de uma bateria extensa de questões, mas que você faça uma boa revisão global do assunto a partir de, relativamente, poucas questões. A respeito das demonstrações contábeis, julgue o item que se segue, conforme a legislação societária e os pronunciamentos técnicos do CPC. (CEBRASPE/TELEBRAS/Analista/2026) Devem ser discriminados, na demonstração de resultados do exercício, os valores referentes às participações dos empregados e dos administradores no resultado do período."
"pc_pe_2027_material_00118","Contabilidade Geral","Contabilidade Geral/curso-362063-aula-13-f0c8-completo.pdf","25-26","multipla_escolha","options_missing","Contabilidade Geral","10. Demonstração do resultado do exercício","Conceito, objetivo e composição","1","8.25","Julgue os itens seguintes, relativos ao balanço patrimonial e à demonstração de resultado do exercício. I A segregação em circulantes e não circulantes feita com os ativos e os passivos de uma entidade também se aplica a seus impostos diferidos. II Se, à data do balanço, a entidade não tiver a prerrogativa de postergar a quitação de uma obrigação por período que supere o fim do próximo exercício social, então essa obrigação é um passivo circulante. III Ressalvados os dispositivos legais, é facultado à administração de cada entidade escolher se prefere apresentar suas despesas pelo método funcional ou pelo método da natureza da despesa. Assinale a opção correta. A Apenas o item I está certo. B Apenas o item II está certo. C Apenas os itens I e III estão certos. D Apenas os itens II e III estão certos. E Todos os itens estão certos."
"pc_pe_2027_material_00119","Contabilidade Geral","Contabilidade Geral/curso-362063-aula-13-f0c8-completo.pdf","26-27","multipla_escolha","options_missing","Contabilidade Geral","6. Escrituração","Regime de competência e regime de caixa","1","4.8","Em relação à estrutura das demonstrações contábeis, a suas características e a sua forma de apresentação, assinale a opção correta. A O conjunto completo das demonstrações contábeis deve ser apresentado, pelo menos, semestralmente (inclusive informação comparativa). B Se as demonstrações contábeis da entidade estiverem em conformidade com os pronunciamentos técnicos e cumprirem todos os seus requisitos, bem como as interpretações e orientações do Comitê de Pronunciamentos Contábeis, a entidade deve declarar, de forma explícita e sem reservas, essa conformidade nas notas explicativas. C A entidade pode retificar políticas contábeis inadequadas, por meio da divulgação das políticas contábeis utilizadas ou de notas explicativas, ou qualquer outra divulgação explicativa. D Quando as demonstrações contábeis não forem elaboradas no pressuposto da continuidade, a entidade estará desobrigada de divulgar esse fato. E A entidade deve utilizar ou o regime de competência ou o de caixa para elaborar suas demonstrações contábeis, exceto a demonstração dos fluxos de caixa."
"pc_pe_2027_material_00167","Direito Penal e Legislação Penal Especial","Direito Penal e Legislação Penal Especial/curso-361995-aula-04-prof-eduardo-alberi-9c1f-completo.pdf","30-35","multipla_escolha","options_missing","Noções de Direito Penal","3. Aplicação da lei penal","Tempo e lugar do crime","1","5","A culpabilidade é um dos elementos essenciais do crime e está relacionada à possibilidade de o agente ser responsabilizado penalmente por sua conduta. Com base nesse conceito, assinale a alternativa correta. a) A culpabilidade é um requisito da tipicidade penal e, portanto, sua ausência não impede a punição do agente. b) A culpabilidade é composta por três elementos: imputabilidade, potencial consciência da ilicitude e exigibilidade de conduta diversa. c) A inimputabilidade por doença mental exclui automaticamente a ilicitude da conduta praticada pelo agente. d) A culpabilidade se confunde com a ilicitude, pois ambas determinam se a conduta do agente é ou não punível.. e) O erro de proibição inevitável não afasta a culpabilidade do agente, pois todos devem conhecer a lei penal. 2. A imputabilidade penal é um requisito essencial para a responsabilização criminal do agente. No entanto, existem causas que podem afastá -la. Sobre a imputabilidade penal, assinale a alternativa correta. a) Os menores de 18 anos são considerados imputáveis, mas podem ter a pena reduzida em razão de sua condição etária. b) A embriaguez voluntária exclui a imputabilidade, pois afasta a consciência da ilicitude da conduta praticada. c) O Código Penal brasileiro adota o critério biológico para a aferição da imputabilidade penal. d) Os menores de 18 anos são considerados absolutamente inimputáveis e submetem -se a medidas socioeducativas previstas no Estatuto da Criança e do Adolescente. e) A coação moral irresistível e a obediência hierárquica ilícita excluem a imputabilidade penal. 3. No Direito Penal, a culpabilidade é um dos requisitos para a imposição da pena e pode ser afastada em determinadas circunstâncias. Sobre a culpabilidade, assinale a alternativa correta. a) A coação moral irresistível exclui a culpabilidade do agente, pois ele não possui liberdade de escolha ao praticar o crime. b) O erro de proibição sempre exclui a culpabilidade do agente, independentemente de sua evitabilidade. c) A obediência hierárquica é uma causa excludente da culpabilidade, mesmo quando a ordem recebida for manifestamente ilegal. d) O erro de proibição inevitável reduz a pena do agente, mas não exclui sua culpabilidade. e) A culpabilidade pode ser presumida quando o agente possui capacidade mental e discernimento para compreender a ilicitude do fato. GABARITO 1. Letra B 2. Letra D 3. Letra A. . Culpabilidade. Imputabilidade penal. 1. A culpabilidade é um dos elementos essenciais do crime e está relacionada à possibilidade de o agente ser responsabilizado penalmente por sua conduta. Com base nesse conceito, assinale a alternativa correta. a) A culpabilidade é um requisito da tipicidade penal e, portanto, sua ausência não impede a punição do agente. b) A culpabilidade é composta por três elementos: imputabilidade, potencial consciência da ilicitude e exigibilidade de conduta diversa. c) A inimputabilidade por doença mental exclui automaticamente a ilicitude da conduta praticada pelo agente. d) A culpabilidade se confunde com a ilicitude, pois ambas determinam se a conduta do agente é ou não punível. e) O erro de proibição inevitável não afasta a culpabilidade do agente, pois todos devem conhecer a lei penal."
"pc_pe_2027_material_00247","Direito Penal e Legislação Penal Especial","Direito Penal e Legislação Penal Especial/curso-361995-aula-12-prof-eduardo-alberi-5e65-completo.pdf","13-14","multipla_escolha","options_missing|source_question_annulled","Noções de Direito Penal","7. Crimes contra a administração pública","Crimes contra a administração pública","1","3.7","Acerca de crimes em licitações e contratos administrativos, julgue o seguinte item. Configura o crime de modificação ou pagamento irregular em contrato administrativo a conduta de dar causa a uma modificação contratual, durante a execução de contrato administrativo, para favorecer o contratado."
"pc_pe_2027_material_00253","Direito Penal e Legislação Penal Especial","Direito Penal e Legislação Penal Especial/curso-361995-aula-13-prof-eduardo-alberi-e289-completo.pdf","4-23","certo_errado","oversized_question_block","Noções de Direito Penal","4. Crimes contra a pessoa","Crimes contra a pessoa","1","6.7","O funcionário público que exige tributo indevido, mesmo sabendo de sua ilegalidade, pratica o crime de excesso de exação, previsto no art. 316, §1º, do Código Penal. 2. A conduta de um funcionário público que aceita promessa de vantagem indevida, ainda que não a receba, configura o crime de corrupção passiva. 3. Configura prevaricação a conduta de um funcionário público que deixa de praticar um ato de ofício para satisfazer interesse de terceiro. 4. O crime de peculato culposo é extinto se o agente repara o dano antes de sentença condenatória irrecorrível. 5. O funcionário público que se apropria de bem móvel de que tem posse em razão do cargo pratica o crime de concussão. 6. O crime de advocacia administrativa exige que o agente público atue em favor de terceiro, mesmo sem obter qualquer vantagem pessoal. 7. A omissão de responsabilidade por parte de um superior hierárquico que sabe de infração cometida por subordinado configura o crime de condescendência criminosa. 8. A apropriação de valores entregues por erro material ao funcionário público configura o crime de peculato-furto. 9. O crime de prevaricação imprópria, previsto no art. 319 -A do CP, exige que o agente público permita que presos acessem dispositivos de comunicação. 10. Um funcionário público que, fora da função, mas em razão dela, exige vantagem indevida, pratica o crime de corrupção passiva.. GABARITO 1. Certo 2. Certo 3. Errado 4. Certo 5. Errado 6. Certo 7. Certo 8. Errado 9. Certo 10. Errado Crimes contra a administração pública (parte i): Crimes praticados por funcionário público contra a administração em geral 1. O funcionário público que exige tributo indevido, mesmo sabendo de sua ilegalidade, pratica o crime de excesso de exação, previsto no art. 316, §1º, do Código Penal."
"pc_pe_2027_material_00271","Direito Penal e Legislação Penal Especial","Direito Penal e Legislação Penal Especial/curso-361995-aula-17-prof-marcella-mendes-0b7b-completo.pdf","4-35","multipla_escolha","oversized_question_block","Noções de Direito Penal","3. Aplicação da lei penal","Lei penal excepcional, especial e temporária","1","0.25","Assinale a alternativa que indica crime hediondo:"
"pc_pe_2027_material_00276","Direito Penal e Legislação Penal Especial","Direito Penal e Legislação Penal Especial/curso-361995-aula-18-prof-marcella-mendes-568d-completo.pdf","17-25","multipla_escolha","oversized_question_block","Noções de Direito Penal","17. Violência doméstica e familiar contra a criança e o adolescente","Lei nº 14.344/2022","1","1.15","Nos termos da Lei nº 9.455/97, que define os crimes de tortura, quando um agente policial submete alguém, sob sua guarda, poder ou autoridade, com emprego de violência ou grave ameaça, a intenso sofrimento físico ou mental, como forma de aplicar castigo pessoal ou medida de caráter preventivo, é possível afirmar que"
"pc_pe_2027_material_00283","Direito Penal e Legislação Penal Especial","Direito Penal e Legislação Penal Especial/curso-361995-aula-21-prof-marcella-mendes-de4a-completo.pdf","4-22","multipla_escolha","oversized_question_block","Noções de Direito Penal","4. Crimes contra a pessoa","Crimes contra a pessoa","1","0.4","Sobre a definição e a técnica adotada para o “ato infracional” no ECA, é correto afirmar que: a) O ECA criou tipos penais próprios para adolescentes, distintos do CP. b) Considera-se ato infracional apenas a conduta descrita como crime (e não contravenção). c) Considera-se ato infracional a conduta descrita como crime ou contravenção penal, adotando-se a técnica da tipicidade delegada. d) Ato infracional só existe quando houver sentença judicial reconhecendo o fato. e) Ato infracional depende de avaliação da capacidade de entendimento do adolescente no momento do fato. 2. Considera-se, para fins de aplicação do ECA, a idade do adolescente:"
"pc_pe_2027_material_00303","Direito Penal e Legislação Penal Especial","Direito Penal e Legislação Penal Especial/curso-361995-aula-25-prof-marcella-mendes-f04f-completo.pdf","4-42","multipla_escolha","oversized_question_block","Noções de Direito Penal","4. Crimes contra a pessoa","Crimes contra a pessoa","1","0.8","Com relação ao atendimento pela autoridade policial de mulher vítima de violência doméstica, previsto no artigo 10-A da Lei n. 11.340/2006, é correto o que se afirma, EXCETO: a) É direito da mulher em situação de violência doméstica e familiar o atendimento policial e pericial especializado, ininterrupto e prestado por servidores sempre do sexo feminino, previamente capacitados. b) A inquirição da mulher em situação de violência doméstica e familiar deverá salvaguardar da integridade física, psíquica e emocional da depoente, considerada a sua condição peculiar de pessoa em situação de violência doméstica e familiar. c) A inquirição da mulher em situação de violência doméstica e familiar deverá em nenhuma hipótese terá contato direto com investigados ou suspeitos e pessoas a eles relacionadas. d) A inquirição será feita em recinto especialmente projetado para esse fim, o qual conterá os equipamentos próprios e adequados à idade da mulher em situação de violência doméstica e familiar ou testemunha e ao tipo e à gravidade da violência sofrida. e) quando for o caso, a inquirição será intermediada por profissional especializado em violência doméstica e familiar designado pela autoridade judiciária ou policial. 2. Nos casos de violência doméstica e familiar contra a mulher, feito o registro da ocorrência, deverá a autoridade policial adotar, de imediato, os seguintes procedimentos, EXCETO: a) Ouvir a ofendida, lavrar o boletim de ocorrência e tomar a representação a termo, se apresentada. b) Remeter, no prazo de 48 (quarenta e oito) horas, expediente apartado ao juiz com o pedido da ofendida, para a concessão de medidas protetivas de urgência. c) Verificar se o agressor possui registro de porte ou posse de arma de fogo e, na hipótese de existência, juntar aos autos essa informação, bem como notificar a ocorrência à instituição responsável pela concessão do registro ou da emissão do porte. d) Caso a ofendida requeira, que se proceda ao exame de corpo de delito. e) Ordenar a identificação do agressor e fazer juntar aos autos sua folha de antecedentes criminais, indicando a existência de mandado de prisão ou registro de outras ocorrências policiais contra ele. 3. Verificada a existência de risco atual ou iminente à vida ou à integridade física da mulher em situação de violência doméstica e familiar, ou de seus dependentes, o agressor será imediatamente afastado do lar, domicílio ou local de convivência com a ofendida: I - pela autoridade judicial; II - pelo delegado de polícia, quando o Município não for sede de comarca; ou III - pelo policial, quando o Município não for sede de comarca e não houver delegado disponível no momento da denúncia. Estão corretas: a) I e III apenas. b) I apenas, c) Nenhuma. d) II apenas. e) Todas. 4. Sobre os procedimentos referentes a Lei n. 11.340/2006, é correto afirmar que: a) A ofendida não pode propor ação de divórcio ou de dissolução de união estável no Juizado de Violência Doméstica e Familiar contra a Mulher. b) Iniciada a situação de violência doméstica e familiar após o ajuizamento da ação de divórcio ou de dissolução de união estável, a ação terá sua competência deslocada. c) Nas ações penais públicas condicionadas à representação da ofendida de que trata esta Lei, só será admitida a renúncia à representação perante o juiz, em audiência especialmente designada com tal finalidade, se depois do recebimento da denúncia e ouvido o Ministério Público. d) É competente, por opção da ofendida, para os processos cíveis regidos por esta Lei, o Juizado, do seu domicílio ou de sua residência e) É vedada a aplicação, nos casos de violência doméstica e familiar contra a mulher, de penas de cesta básica, mas não a de prestação. 5. Sobre as medidas protetivas de urgência previstas na Lei n. 11.340/2006, recebido o expediente com o pedido da ofendida, caberá ao juiz, no prazo de 48 (quarenta e oito) horas, EXCETO: a) conhecer do expediente e do pedido e decidir sobre as medidas protetivas de urgência. b) determinar o encaminhamento da ofendida ao órgão de assistência judiciária, quando for o caso, inclusive para o ajuizamento da ação de separação judicial, de divórcio, de anulação de casamento ou de dissolução de união estável perante o juízo competente. c) Intimar a defensoria pública. d) determinar a apreensão imediata de arma de fogo sob a posse do agressor. e) comunicar ao Ministério Público para que adote as providências cabíveis. 6. Com relação às medidas protetivas de urgência previstas na Lei n. 11.340/2006, é correto afirmar que: a) O juiz deverá decidir sobre as medidas protetivas no prazo de 72 (setenta e duas) horas, contadas do recebimento do expediente. b) O afastamento imediato do agressor do lar pode ser determinado pela autoridade policial em qualquer caso, independentemente de previsão legal. c) As medidas protetivas podem ser concedidas de imediato pelo juiz, independentemente de audiência das partes. d) As medidas protetivas de urgência somente poderão ser deferidas após manifestação do Ministério Público. e) A apreensão de arma de fogo em posse do agressor depende de decisão judicial transitada em julgado. 7. Segundo a Lei Maria da Penha, é vedada a aplicação de penas de cesta básica ou de outras de prestação pecuniária, bem como: a) A substituição de pena que implique apenas o pagamento de multa. b) A aplicação de qualquer medida protetiva de urgência. c) O deferimento de indenização mínima pelos danos causados. d) A decretação de prisão preventiva pelo juiz. e) A instauração de processo de execução penal. 8. De acordo com a Lei n. 11.340/2006, compete aos Juizados de Violência Doméstica e Familiar contra a Mulher: a) Apenas processar e julgar as causas criminais, excluídas as cíveis. b) Processar, julgar e executar causas cíveis e criminais decorrentes da prática de violência doméstica e familiar contra a mulher. c) Julgar apenas crimes contra a vida da mulher. d) Processar exclusivamente medidas protetivas, remetendo o processo criminal a outro juízo. e) Julgar exclusivamente ações de natureza cível. 9. Conforme a Lei Maria da Penha, havendo risco à vida ou à integridade física da mulher, o agressor poderá ser afastado do lar:"
"pc_pe_2027_material_00538","Informatica","Informatica/curso-362002-aula-16-97e8-completo.pdf","13-14","multipla_escolha","options_incomplete","Informática","1. Sistema operacional Windows e aplicativos de escritório","Microsoft PowerPoint","0.833","5","Na criação de slides para uma apresentação pelo Microsoft PowerPoint 2016, o usuário notou que alguns dos slides não estavam sendo alterados para os layouts do tema quando ele tentava aplicar o tema nos slides. Anteriormente, os layouts haviam sido alterados manualmente. Para corrigir isso, o usuário pode restaurar o layout do tema, clicando o item que deseja restaurar e, em seguida, o ícone"
"pc_pe_2027_material_00555","Noções de Direito","Noções de Direito/curso-362008-apendice-16c3-completo.pdf","2-47","multipla_escolha","answer_missing|oversized_question_block","Noções de Direito Constitucional","9. Funções essenciais à Justiça e defesa do Estado","Segurança pública na Constituição do Estado de Pernambuco","1","7.35","Nível Superior (LQE) 104 CADERNO DE JURISPRUDÊNCIA COMECE POR AQUI! O presente caderno contém a jurisprudência que julgamos ser interessante o aluno levar à prova, considerando o nível de dificuldade do concurso. Recomendamos o estudo da presente jurisprudência não apenas por terem chances de cair em prova, mas, principalmente, por serem uma forma de o aluno entender e fixar melhor o próprio teor da literalidade dos dispositivos normativos e os conceitos doutrinários. Lembramos que a jurisprudência mais básica já se encontra no roteiro de revisão, então no presente caderno é disponibilizada uma jurisprudência de segundo nível de importância. Portanto, orientamos que o estudo da presente jurisprudência ocorra em uma fase mais avançada, quando o aluno já efetuou algumas revisões da matéria. Inclusive, um bom conhecimento das normas, da doutrina e da jurisprudência básica será necessário para que o estudo da jurisprudência presente neste caderno seja eficiente. Bons estudos! Apêndice ADMINISTRAÇÃO PÚBLICA CADERNO DE JURISPRUDÊNCIA Princípios expressos da Administração Pública Publicidade Divulgação da remuneração de servidores públicos em sítio eletrônico da internet O Supremo Tribunal Federal entende que a divulgação nominal da remuneração de autoridades e servidores públicos em sítio eletrônico da internet não viola sua intimidade, vida privada e segurança pessoal e familiar a ponto de ser considerada ilícita, devendo prevalecer o princípio da publicidade1. JURISPRUDÊNCIA ""A divulgação da remuneração bruta dos cargos e funções titularizados por servidores públicos, com seu nome e lotação, consubstancia informação de interesse coletivo ou geral, “sem que a intimidade deles, vida privada e segurança pessoal e familiar se encaixem nas exceções de que trata a parte derradeira do mesmo dispositivo constitucional (inciso XXXIII do art. 5º)”2. Cumpre destacar que a Corte considerou lícita a divulgação do nome e da remuneração do agente público, mas não de seu CPF, identidade e endereço residencial. Agentes Públicos Forma e requisitos de acesso a cargos, empregos e funções públicas - Os requisitos de acesso aos cargos, empregos e funções públicas (art. 37, inciso I da CF/88) devem estar previstos em lei, ou seja, o edital de um concurso público não pode inovar e exigir determinados requisitos como, por exemplo, limite de idade, sem previsão legal. Nesse sentido: JURISPRUDÊNCIA ""O limite de idade para a inscrição em concurso público só se legitima em face do art. 7º, XXX, da Constituição, quando possa ser justificado pela natureza das atribuições do cargo a ser preenchido""3. 1 STF, SS 3.902 AgR segundo, rel. min. Ayres Britto, j. 9/6/2011, P, DJE de 3/10/2011; = RE 586.424 ED, rel. min. Gilmar Mendes, j. 24-2-2015, 2ª T, DJE de 12-3-2015. 2 STF – SS 3.902 AgR. 3 STF – Súmula 683. Apêndice ""a imposição de discrímen de gênero, para fins de concurso público, só é compatível com a Constituição nos excepcionais casos em que reste inafastável a fundamentação proporcional e a legalidade da imposição""4. “Só por lei se pode sujeitar a exame psicotécnico a habilitação de candidato a cargo público”5. Não é admissível, por ato administrativo, restringir, em razão da idade, inscrição em concurso para cargo público.6 ""... somente se afigura constitucional a fixação de idade mínima em edital de concursos públicos quando respaldada por lei e justificada pela natureza das atribuições do cargo.""7 ""A exigência de altura mínima para ingresso em cargo do Sistema Único de Segurança Pública pressupõe a existência de lei e a observância dos parâmetros fixados para a carreira do exército (Lei federal nº 12.705/2012, 1,60m para homens e 1,55m para mulheres).” 8 - O STF entende que é admissível política de reserva de vagas em concurso público para candidatas do sexo feminino, desde que não se incorra em restrição à sua participação, sendolhes assegurado o direito de concorrer à totalidade das vagas oferecidas nos certames, para além da reserva percentual (por exemplo: 10%) de vagas exclusivas9. Caso ocorra restrição à participação de candidatas do sexo feminino, há inconstitucionalidade da lei. Nesse sentido, o STF entendeu que é inconstitucional lei federal que limita em até 10% do efetivo o número de mulheres na Polícia Militar do DF e permite que o comandante -geral da PM fixe o percentual de mulheres para cada concurso, em razão de afrontar os ditames constitucionais quanto à ig ualdade de gênero e o princípio da igualdade, que garante os mesmos direitos e obrigações aos homens e mulheres (art. 5°, I, da CF/1988), proibindo a diferenciação de salários, de exercício de funções e de critério de admissão por motivo de sexo, idade, cor ou estado civil (art. 7°, XXX, da CF/1988).10 - O STF entendeu que é constitucional lei distrital que estabelece a obrigatoriedade de: (i) serem mantidas, no mínimo, 5% (cinco por cento) de pessoas com idade acima de quarenta anos, obedecido o princípio do concurso público, nos quadros da Administração Pública direta e indireta; e (ii) ser firmada cláusula, nas licitações para contratação de serviços com fornecimento 4 STF – RE 528.684/MS. 5 STF – Súmula Vinculante 44. 6 STF – Súmula 14 7 STF - ARE nº 678.112/MG 8 STF – Tema 1424. 9 STF – ADI 7492 10 STF - ADI 7433 MC-Ref / DF Apêndice de mão de obra, que assegure o mínimo de 10% (dez por cento) das vagas a pessoas com mais de quarenta anos. Na mesma ocasião, o Supremo entendeu que: a) não há invasão à seara do regramento geral sobre licitações e contratos estabelecido pela União, mas se trata precipuamente de política pública de pleno emprego, através da reserva de vagas, visando o desenvolvimento social e econômico do Distrito Federal; b) se trata de regra que personaliza o procedimento licitatório do Distrito Federal, obrigando a inclusão de determinada cláusula em suas contratações, a partir do que se encontra dentro do espaço de conformação legislativa dos Estados-membros; c) a fixação de um percentual mínimo de contração pelo poder público de empregados com mais de quarenta anos não é matéria relativa à relação empregatícia e, portanto, não se encontra regida pela Consolidação das Leis Trabalhistas; d) ações afirmativas antidiscriminatórias e a elaboração de políticas públicas que promovam o pleno emprego estão compreendidas no plexo de competências comuns dos entes federativos; e) se verifica presente a correlação lógica entre o fator de discrime e o fim perseguido, qual seja, o desenvolvimento econômico e social em âmbito local, eis que visa minimização do desemprego entre os adultos na faixa dos quarenta anos, os quais seriam pouco aproveitados pela iniciativa privada e não contemplados pelas políticas de incentivo à contratação jovem nem pelas políticas de proteção às pessoas idosas11. - A regra geral é que será no ato da posse, e não da inscrição do concurso público, a exigência de habilitação para o exercício do cargo (entendimento do STF e STJ) 12, tendo como exceções as seguintes: a) será na data da inscrição definitiva no concurso público a comprovação de 3 anos de atividade jurídica para os cargos de juiz e membros do Ministério Público (art. 23, § 1º da Resolução CNJ nº 75/2009); b) em concurso para policial militar, ""a comprovação do requisito etário deve ocorrer no momento da inscrição do certame""13. - Um percentual dos cargos e empregos públicos deve ser reservado para as pessoas portadoras de deficiência (art. 37, inciso VIII da CF/88). Nesse sentido: JURISPRUDÊNCIA 11 STF - ADI 4082 12 STF – ARE-AgR 728.049/RJ. STJ – Súmula 266. 13 STF – ARE 685870 MG. Apêndice “O portador de visão monocular tem direito de concorrer, em concurso público, às vagas reservadas aos deficientes”14. Concurso público JURISPRUDÊNCIA “é inconstitucional toda modalidade de provimento que propicie ao servidor investir -se, sem prévia aprovação em concurso público destinado ao seu provimento, em cargo que não integra a carreira na qual anteriormente investido”15. ""A transformação de carreira de nível médio em outra de nível superior, com atribuições distintas, constitui forma de provimento derivado vedada pelo art. 37, II, da CF/88.""16 ""É materialmente inconstitucional dispositivo de Constituição Estadual que estabeleça a possibilidade de contratação direta e genérica de serviços de representação judicial e extrajudicial, por ferir a regra constitucional de concurso público. (...) Realizada a opção política municipal de instituição de órgão próprio de procuradoria, a composição de seu corpo técnico está vinculada à incidência das regras constitucionais, dentre as quais o inafastável dever de promoção de concurso público (artigo 37, inciso II, da Constituição Federal) [ressalvadas as situações excepcionais situações em que também à União, aos Estados e ao Distrito Federal pode ser possível a contratação de advogados externos, conforme os parâmetros reconhecidos pela jurisprudência do STF].17"" É inconstitucional, por dispensar o concurso público, a reestruturação de quadro funcional por meio de aglutinação, em uma única carreira, de cargos diversos, quando a nova carreira tiver atribuições e responsabilidades diferentes dos cargos originais.18 É inconstitucional o aproveitamento de servidor, aprovado em concurso público a exigir formação de nível médio, em cargo que pressuponha escolaridade superior.19 É constitucional a regra inserida no edital de concurso público, denominada cláusula de barreira, com o intuito de selecionar apenas os candidatos mais bem classificados para prosseguir no certame.20 “É inconstitucional a fixação de critério de desempate em concursos públicos que favoreça candidatos que pertencem ao serviço público de um determinado ente federativo”.21 14 STF – Súmula 377. 15 STF – Súmula 685. 16 STF – ADI 7229/AC 17 STF - ADI 6331/PE 18 STF – Tema 667 19 STF – Tema 697 20 STF – RE 635739 / AL 21 STF - ADI 5358 Apêndice Direitos de associação sindical e de greve dos servidores públicos JURISPRUDÊNCIA ""A administração pública deve proceder ao desconto dos dias de paralisação decorrentes do exercício do direito de greve pelos servidores públicos, em virtude da suspensão do vínculo funcional que dela decorre, permitida a compensação em caso de acordo. O d esconto será, contudo, incabível se ficar demonstrado que a greve foi provocada por conduta ilícita do Poder Público”22. ""1 - O exercício do direito de greve, sob qualquer forma ou modalidade, é vedado aos policiais civis e a todos os servidores públicos que atuem diretamente na área de segurança pública. 2 - É obrigatória a participação do Poder Público em mediação instaurada pelos órgãos classistas das carreiras de segurança pública, nos termos do art. 165 do CPC, para vocalização dos interesses da categoria""23. Remuneração dos agentes públicos e acumulação de cargos públicos JURISPRUDÊNCIA São inconstitucionais leis estaduais de iniciativa do Poder Judiciário, da Defensoria Pública, da Procuradoria-Geral de Justiça, do Tribunal de Contas e da Mesa da Assembleia Legislativa que têm como objetivo aumento remuneratório visando recuperar a perda do poder aquisitivo da moeda, por vício de iniciativa, já que tal competência é do Chefe do Poder Executivo (art. 38 inciso X, c/c alínea “a”, do inciso II, do § 1º, do art. 61 da CF/1988).24 “Salvo nos casos previstos na Constituição, o salário -mínimo não pode ser usado como indexador de base de cálculo de vantagem de servidor público ou de empregado, nem ser substituído por decisão judicial”25. “Não cabe ao poder Judiciário, que não tem função legislativa, aumentar vencimentos de servidores públicos sob o fundamento de isonomia”26. ""O direito ao auxílio-alimentação não se estende aos servidores inativos""27. “Não ofende a Constituição a correção monetária no pagamento com atraso dos vencimentos de servidores públicos28”. 22 STF – RE 693.456/RJ. 23 STF – ARE 654.432. 24 STF - ADI 5.562/RS 25 STF – Súmula Vinculante 4. 26 STF – Súmula Vinculante 37. 27 STF – Súmula Vinculante 55. 28 STF – Súmula 682. Apêndice “No que respeita ao subteto dos servidores estaduais, a Constituição estabeleceu a possibilidade de o Estado optar entre: a definição de um subteto por poder, hipótese em que o teto dos servidores da Justiça corresponderá ao subsídio dos Desembargadores do Tribunal de Justiça (art. 37, XI, CF, na redação da Emenda Constitucional 41/2003); e a definição de um subteto único, correspondente ao subsídio mensal dos Desembargadores do Tribunal de Justiça, para todo e qualquer servidor de qualquer poder, ficando d e fora desse subteto apenas o subsídio dos Deputados (art. 37, § 12, CF, conforme redação da Emenda Constitucional 47/2005). Inconstitucionalidade da desvinculação entre o subteto dos servidores da Justiça e o subsídio mensal dos Desembargadores do Tribunal de Justiça. Violação ao art. 37, XI e § 12, CF. Incompatibilidade entre a opção pela definição de um subteto único, nos termos do art. Art. 37, § 12, CF, e definição de ""subteto do subteto"", em valor diferenciado e menor, para os servidores do Judiciário. Tratamento injustificadamente mais gravoso para esses servidores. Violação à isonomia”29. “Nos casos autorizados, constitucionalmente, de acumulação de cargos, empregos e funções, a incidência do artigo 37, inciso XI, da Constituição Federal, pressupõe consideração de cada um dos vínculos formalizados, afastada a observância do teto remuneratór io quanto ao somatório dos ganhos do agente público”30. ""As hipóteses excepcionais autorizadoras de acumulação de cargos públicos previstas na Constituição Federal sujeitam -se, unicamente, a existência de compatibilidade de horários, verificada no caso concreto, ainda que haja norma infraconstitucional que limite a jornada semanal""31. A fixação de vencimentos dos servidores públicos não pode ser objeto de convenção coletiva 32. O STF vem determinando, em sede de mandado de injunção, a aplicação temporária ao setor público, no que couber, da lei de greve vigente no setor privado, em razão da inexistência, até hoje, da lei regulamentadora do direito de greve dos servidores públicos33. ""O regime administrativo -remuneratório da contratação temporária é diverso do regime jurídico dos servidores efetivos, sendo vedada a extensão por decisão judicial de parcelas de qualquer natureza, observado o Tema 551/RG.""34 Estabilidade dos servidores efetivos JURISPRUDÊNCIA 29 STF – ADI 4.900. 30 STF – REs 602043 e 612975. 31 STF – ARE 1.246.685/RJ. 32 STF – Súmula 679. 33 STF – MI 670/ES, dentre outros. 34 STF – Tema 1344. Apêndice “Funcionário em estágio probatório não pode ser exonerado nem demitido sem inquérito ou sem as formalidades legais de apuração de sua capacidade”35. ”O estágio probatório não protege o funcionário contra a extinção do cargo”36. - Ainda que os empregados públicos concursados não gozem da estabilidade prevista no art. 41 da CF/88, a sua demissão deve ser devidamente motivada, não sendo necessário procedimento administrativo, mas apenas ato formal que indique claramente, ainda que de forma simples, as razões da demissão37: JURISPRUDÊNCIA ""As empresas públicas e as sociedades de economia mista, sejam elas prestadoras de serviço público ou exploradoras de atividade econômica, ainda que em regime concorrencial, têm o dever jurídico de motivar, em ato formal, a demissão de seus empregados conc ursados, não se exigindo processo administrativo. Tal motivação deve consistir em fundamento razoável, não se exigindo, porém, que se enquadre nas hipóteses de justa causa da legislação trabalhista"". 35 STF – Súmula 21. 36 STF – Súmula 22. 37 STF – RE 688267 Apêndice DIREITOS E DEVERES INDIVIDUAIS E COLETIVOS CADERNO DE JURISPRUDÊNCIA Teoria geral dos direitos fundamentais JURISPRUDÊNCIA “Enquanto os direitos de primeira geração (direitos civis e políticos) – que compreendem as liberdades clássicas, negativas ou formais – realçam o princípio da liberdade e os direitos de segunda geração (direitos econômicos, sociais e culturais) – que se i dentificam com as liberdades positivas, reais ou concretas – acentuam o princípio da igualdade, os direitos de terceira geração, que materializam poderes de titularidade coletiva atribuídos genericamente a todas as formações sociais, consagram o princípio da solidariedade e constituem um momento importante no processo de desenvolvimento, expansão e reconhecimento dos direitos humanos, caracterizados, enquanto valores fundamentais indisponíveis, pela nota de uma essencial inexauribilidade.”1 Catálogo dos direitos e deveres individuais e coletivos – art. 5º, caput e incisos I a LXXIX da CF/88 Direitos fundamentais básicos (caput) JURISPRUDÊNCIA ""(I) A vacinação compulsória não significa vacinação forçada, facultada a recusa do usuário, podendo, contudo, ser implementada por meio de medidas indiretas, as quais compreendem, dentre outras, a restrição ao exercício de certas atividades ou à frequência de determinados lugares, desde que previstas em lei, ou dela decorrentes, e tenham como base evidências científicas e análises estratégicas pertinentes, venham acompanhadas de ampla informação sobre a eficácia, segurança e contraindicações dos imunizantes, respeitem a dignidade humana e os direitos fundamentais das pessoas; atendam aos critérios de razoabilidade e proporcionalidade; e sejam as vacinas distribuídas universal e gratuitamente. (II) Tais medidas, com as limitações expostas, podem ser implementadas tanto pela União como pelos estados, pelo Distrito Federal e pelos municípios, respeitadas as respectivas esferas de competência""2. “A busca pessoal independente de mandado judicial deve estar fundada em elementos indiciários objetivos de que a pessoa esteja na posse de arma proibida ou de objetos ou papéis que constituam corpo de delito, não sendo lícita a realização da medida com bas e na raça, sexo, orientação sexual, cor da pele ou aparência física.”3 1 MS 22164 2 STF – ADIs 6586 e 6587. 3 STF - HC 208240 / SP Apêndice Princípio da igualdade (caput e inciso I) JURISPRUDÊNCIA “Não viola a Constituição o estabelecimento de remuneração inferior ao salário mínimo para as praças prestadoras de serviço militar inicial”4. “Não cabe ao Poder Judiciário, que não tem função legislativa, aumentar vencimentos de servidores públicos sob o fundamento de isonomia”5. Vedação à tortura e ao tratamento desumano ou degradante (inciso III) JURISPRUDÊNCIA “Só é lícito o uso de algemas em casos de resistência e de fundado receio de fuga ou de perigo à integridade física própria ou alheia, por parte do preso ou de terceiros, justificada a excepcionalidade por escrito, sob pena de responsabilidade disciplinar, civil e penal do agente ou da autoridade e de nulidade da prisão ou do ato processual a que se refere, sem prejuízo da responsabilidade civil do Estado”6. Liberdade de expressão (incisos IV, V, IX e XIV) JURISPRUDÊNCIA “São cumuláveis as indenizações por dano material e dano moral oriundos do mesmo fato”7. Não caracteriza censura resolução do TSE que proíbe a divulgação ou compartilhamento de informações falsas ou gravemente descontextualizadas (combate à desinformação – “fake news”), quando o controle feito pelo ato normativo é realizado após a constatação do fato e a aplicação é restrita ao período eleitoral8. “É incompatível com a Constituição a ideia de um direito ao esquecimento, assim entendido como o poder de obstar, em razão da passagem do tempo, a divulgação de fatos ou dados verídicos e licitamente obtidos e publicados em meios de comunicação social anal ógicos ou digitais. Eventuais excessos ou abusos no exercício da liberdade de expressão e de informação devem ser analisados caso a caso, a partir dos parâmetros constitucionais - especialmente os relativos à proteção da honra, da imagem, da privacidade e da personalidade em geral - e as expressas e específicas previsões legais nos âmbitos penal e cível.”9 4 STF – Súmula Vinculante 6. 5 STF – Súmula Vinculante 37. 6 STF – Súmula Vinculante 11. 7 STJ – Súmula 37. 8 STF – ADI 7261 MC / DF 9 STF - RE 1010606 Apêndice Liberdade de crença religiosa e convicção política e filosófica (incisos VI a VIII) JURISPRUDÊNCIA “É constitucional a obrigatoriedade de imunização por meio de vacina que, registrada em órgão de vigilância sanitária, tenha sido incluída no plano nacional de imunizações; ou tenha sua aplicação obrigatória decretada em lei; ou seja objeto de determinação da União, dos estados, do Distrito Federal ou dos municípios com base em consenso médico-científico. Em tais casos, não se caracteriza violação à liberdade de consciência e de convicção filosófica dos pais ou responsáveis, nem tampouco ao poder familiar”10. ""É inconstitucional, por ofensa aos princípios da isonomia, da liberdade religiosa e da laicidade do Estado, norma que obrigue a manutenção de exemplar de determinado livro de cunho religioso em unidades escolares e bibliotecas públicas estaduais""11. ""É constitucional a utilização de vestimentas ou acessórios relacionados a crença ou religião nas fotos de documentos oficiais desde que não impeçam a adequada identificação individual, com rosto visível.""12 É autorizada a restrição relativa à realização presencial de cultos, missas e demais atividades religiosas de caráter coletivo em eventos de supercontaminação, sendo reconhecida a constitucionalidade das restrições às atividades religiosas coletivas presenciais durante a pandemia do Coronavírus.13 Inviolabilidade da intimidade, da vida privada, da honra e da imagem das pessoas (inciso X) JURISPRUDÊNCIA São constitucionais normas editadas pelo Conselho Nacional de Política Fazendária (Confaz) que obrigam instituições financeiras a fornecerem aos estados informações relacionadas às transferências e aos pagamentos realizados por clientes em operações eletrônicas com recolhimento do ICMS (como “pix” e cartões de débito e crédito), pois não se caracteriza quebra de sigilo bancário o acesso, pelas autoridades fiscais, a dados de caráter sigiloso fornecidos por instituições financeiras e de pagamento, no interesse da arrecadação e fiscalização tributária. Ausência de violação aos direitos fundamentais à intimidade, à privacidade e ao sigilo de dados pessoais (CF/1988, art. 5º, X e XII).14 Inviolabilidade domiciliar (inciso XI) JURISPRUDÊNCIA “As circunstâncias que antecederem a violação do domicílio devem evidenciar, de modo satisfatório e objetivo, as fundadas razões que justifiquem tal diligência e a eventual prisão em flagrante do suspeito, as quais, portanto, não podem derivar de simples desconfiança policial, apoiada, v. g., em mera atitude 10 STF – ARE 1267879 11 STF – ADI 2530/DF 12 STF - RE 859376 13 STF - ADPF 811 14STF - ADI 7276 / DF Apêndice “suspeita”, ou na fuga do indivíduo em direção a sua casa diante de uma ronda ostensiva, comportamento que pode ser atribuído a vários motivos, não, necessariamente, o de estar o abordado portando ou comercializando substância entorpecente.”15 Inviolabilidade das correspondências e das comunicações (inciso XII) JURISPRUDÊNCIA ""No processo eleitoral, é ilícita a prova colhida por meio de gravação ambiental clandestina, sem autorização judicial e com violação à privacidade e à intimidade dos interlocutores, ainda que realizada por um dos participantes, sem o conhecimento dos demais. - A exceção à regra da ilicitude da gravação ambiental feita sem o conhecimento de um dos interlocutores e sem autorização judicial ocorre na hipótese de registro de fato ocorrido em local público desprovido de qualquer controle de acesso, pois, nesse caso, não há violação à intimidade ou quebra da expectativa de privacidade""16 São constitucionais as normas do Código do Processo Penal (CPP) que autorizam delegados de polícia e membros do Ministério Público a requisitarem o repasse de dados cadastrais a operadoras de celular, mesmo sem autorização judicial, e regra que permite a r equisição, mediante autorização judicial, às empresas prestadoras de serviço de telecomunicações e/ou telemática para que disponibilizem imediatamente sinais, informações e outros dados que permitam a localização da vítima ou dos suspeitos, enfatizando que tais dados devem ser utilizados exclusivamente em investigações sobre os crimes de cárcere privado, redução à condição análoga à de escravo, tráfico de pessoas, sequestro -relâmpago, extorsão mediante sequestro e envio ilegal de criança ao exterior, já que os crimes relacionados ao tráfico de pessoas são graves e precisam ser investigados de forma rápida, já que há risco de que a vítima perca a vida ou seja levada para fora do país.17 Liberdade de atividade profissional (inciso XIII) O STF18 entendeu ser inconstitucional resolução do Conselho Federal de Enfermagem que exigia a quitação de anuidades para que profissionais obtivessem a inscrição, segunda via e renovação da carteira profissional, por restar entendido que a medida criou punição p olítica como meio coercitivo indireto para pagamento de tributo e representava violação ao direito constitucional do livre exercício de trabalho, uma vez que a inscrição no Conselho é um requisito indispensável para o exercício regular da enfermagem e de suas atividades auxiliares. Liberdade de locomoção (inciso XV) JURISPRUDÊNCIA 15 STJ - HC 598051 16 STF - RE 1040515 17 STF - ADI 5.642 18 STF - RE 647885/RS Apêndice “É inadmissível a interdição de estabelecimento como meio coercitivo para cobrança de tributo”19. “É inadmissível a apreensão de mercadorias como meio coercitivo para pagamento de tributos”20. Liberdade de reunião (inciso XVI) JURISPRUDÊNCIA “A exigência constitucional de aviso prévio relativamente ao direito de reunião é satisfeita com a veiculação de informação que permita ao poder público zelar para que seu exercício se dê de forma pacífica ou para que não frustre outra reunião no mesmo local21”. Direito de associação (incisos XVII a XXI) JURISPRUDÊNCIA “A impetração de mandado de segurança coletivo por entidade de classe em favor dos associados independe da autorização destes”22. Direito à informação (inciso XXXIII) JURISPRUDÊNCIA “É direito do defensor, no interesse do representado, ter acesso amplo aos elementos de prova que, já documentados em procedimento investigatório realizado por órgão com competência de polícia judiciária, digam respeito ao exercício do direito de defesa”23. “O Verbete 14 da Súmula Vinculante do Supremo não alcança sindicância administrativa objetivando elucidar fatos sob o ângulo do cometimento de infração administrativa”24. Direito de petição (inciso XXXIV, alínea “a”) JURISPRUDÊNCIA “É inconstitucional a exigência de depósito ou arrolamento prévios de dinheiro ou bens para admissibilidade de recurso administrativo”25. 19 STF – Súmula 70. 20 STF – Súmula 323. 21 STF – RE 806.339. 22 STF – Súmula 629. 23 STF – Súmula Vinculante 14. 24 STF – Rcl 10.771 AgR. 25 STF – Súmula Vinculante 21. Apêndice Princípio da inafastabilidade de jurisdição (inciso XXXV) JURISPRUDÊNCIA “É inconstitucional a exigência de depósito prévio como requisito de admissibilidade de ação judicial na qual se pretenda discutir a exigibilidade de crédito tributário”26. “Viola a garantia constitucional de acesso à jurisdição a taxa judiciária calculada sem limite sobre o valor da causa”27. Proteção ao direito adquirido, à coisa julgada e ao ato jurídico perfeito – garantia da irretroatividade das leis (inciso XXXVI) JURISPRUDÊNCIA “A garantia da irretroatividade da lei, prevista no art. 5º, XXXVI, da Constituição da República, não é invocável pela entidade estatal que a tenha editado”28. Júri popular (inciso XXXVIII) JURISPRUDÊNCIA “A competência constitucional do Tribunal do Júri prevalece sobre o foro por prerrogativa de função estabelecido exclusivamente pela Constituição estadual”29. “A competência para o processo e julgamento de latrocínio é do juiz singular e não do tribunal do júri”30. “A soberania dos veredictos do Tribunal do Júri autoriza a imediata execução de condenação imposta pelo corpo de jurados, independentemente do total da pena aplicada”.31 Princípios da irretroatividade da lei penal e da retroatividade da lei penal mais favorável (inciso XL) JURISPRUDÊNCIA “A lei penal mais grave aplica -se ao crime continuado ou ao crime permanente, se a sua vigência é anterior à cessação da continuidade ou da permanência”32. 26 STF – Súmula Vinculante 28. 27 STF – Súmula 667. 28 STF – Súmula 654. 29 STF – Súmula Vinculante 45. 30 STF – Súmula 603. 31 STF – RE 1235340. Tema 1068. 32 STF – Súmula 711. Apêndice Mandados de criminalização (incisos XLI a XLIV) - Maconha: entendimento do STF sobre a diferenciação entre usuário e traficante O STF 33 entende que embora seja probido, não comete infração penal quem adquirir, guardar, tiver em depósito, transportar ou trouxer consigo, para consumo pessoal, a substância cannabis sativa, sem prejuízo do reconhecimento da ilicitude extrapenal da conduta, com apreensão da droga e aplicação de sanções de advertência sobre os efeitos dela e medida educativa de comparecimento a programa ou curso educativo. Deve ser presumido usuário quem, para consumo próprio, adquirir, guardar, tiver em depósito, transportar ou trouxer consigo até 40 gramas de cannabis sativa ou seis plantas -fêmeas, até que o Congresso Nacional venha a legislar a respeito, nos termos do § 2º do artigo 28 da Lei 11.343/2006 (Lei de Drogas). Além disso, essa presunção (de usuário) é relativa, não estando a autoridade policial e seus agentes impedidos de realizar a prisão em flagrante por tráfico de drogas, mesmo para quantidades inferiores ao limite acima estabelecido, quando presentes elementos que indiquem intuito de mercancia, como a forma de acondicionamento da droga, as circunstâncias da apreensão, a variedade de substâncias apreendidas, a apreensão simultânea de instrumentos como balança, registros de operações comerciais e aparelho celular contendo contatos de usuários ou traficantes. Por outro lado, a apreensão de quantidades superiores aos limites ora fixados não impede o juiz de concluir que a conduta é atípica, apontando nos autos prova suficiente da condição de usuário. Princípio da individualização da pena (inciso XLVI) JURISPRUDÊNCIA “Para efeito de progressão de regime no cumprimento de pena por crime hediondo, ou equiparado, o juízo da execução observará a inconstitucionalidade do art. 2º da Lei nº 8.072, de 25 de julho de 1990, sem prejuízo de avaliar se o condenado preenche, ou não, os requisitos objetivos e subjetivos do benefício, podendo determinar, para tal fim, de modo fundamentado, a realização de exame criminológico”34. Penas inaplicáveis (inciso XLVII) JURISPRUDÊNCIA 33STF - RE 635.659 (Tema 506) 34 STF – Súmula Vinculante 26. Apêndice A falta de estabelecimento penal adequado não autoriza a manutenção do condenado em regime prisional mais gravoso, devendo-se observar, nessa hipótese, os parâmetros fixados no RE 641.320/RS35. Admite-se a progressão de regime de cumprimento da pena ou a aplicação imediata de regime menos severo nela determinada, antes do trânsito em julgado da sentença condenatória36. É inconstitucional lei estadual que impede militares estaduais afastados pela prática de falta grave de prestarem concurso público sem estipular prazo máximo para a sanção, uma vez que se caracterizaria penalidade administrativa de caráter perpétuo, o que é inadmissível à luz do art. 5º, XLVII, “b”, da Constituição Federal.37 Garantias do contraditório e da ampla defesa (inciso LV) JURISPRUDÊNCIA “Nos processos perante o TCU asseguram-se o contraditório e a ampla defesa quando da decisão puder resultar anulação ou revogação de ato administrativo que beneficie o interessado, excetuada a apreciação da legalidade do ato de concessão inicial de aposentadoria, reforma e pensão”38. “A falta de defesa técnica por advogado no processo administrativo disciplinar não ofende a Constituição”39. ""É direito do defensor, no interesse do representado, ter acesso amplo aos elementos de prova que, já documentados em procedimento investigatório realizado por órgão com competência de polícia judiciária, digam respeito ao exercício do direito de defesa""40. “É inconstitucional a exigência de depósito ou arrolamento prévios de dinheiro ou bens para admissibilidade de recurso administrativo”41. “É inconstitucional a exigência de depósito prévio como requisito de admissibilidade de ação judicial na qual se pretenda discutir a exigibilidade de crédito tributário”42. 35 STF – Súmula Vinculante 56. 36 STF – Súmula 716. 37 STF – ADI 2893/PE 38 STF – Súmula Vinculante 3. 39 STF – Súmula Vinculante 5. 40 STF – Súmula Vinculante 14. 41 STF – Súmula Vinculante 21. 42 STF – Súmula Vinculante 28. Apêndice Inadmissibilidade das provas ilícitas (inciso LVI) Excepcionalmente, é possível a admissão no processo de provas obtidas por meios ilícitos, em situações em que se mostra necessário garantir-se as liberdades públicas, a dignidade da pessoa humana e a legitima defesa. Nesse sentido, como já exposto, o STF entendeu ser válida a prova obtida mediante a violação de encomenda postada pelo Correio, desde que haja indícios de prática de atividades ilícitas, uma vez que o direito ao sigilo da correspondência não é absoluto e deve ser equilibrado com o interesse do poder público de reprimir condutas criminosas. No caso, foi firmada a seguinte tese de repercussão geral43: JURISPRUDÊNCIA “1. Sem autorização judicial ou fora das hipóteses legais, é ilícita a prova obtida mediante abertura de carta, telegrama, pacote ou meio análogo, salvo se ocorrida em estabelecimento penitenciário, quando houver fundados indícios da prática de atividades ilícitas. 2. Em relação à abertura de encomendas postadas nos Correios, a prova somente será lícita quando houver fundados indícios da prática de atividades ilícitas, formalizando-se as providências adotadas para fins de controle administrativo ou judicial.” Demais direitos dos presos (incisos LXII a LXV) JURISPRUDÊNCIA “Só é lícito o uso de algemas em casos de resistência e de fundado receio de fuga ou de perigo à integridade física própria ou alheia, por parte do preso ou de terceiros, justificada a excepcionalidade por escrito, sob pena de responsabilidade disciplinar, civil e penal do agente ou da autoridade e de nulidade da prisão ou do ato processual a que se refere, sem prejuízo da responsabilidade civil do Estado”44. Prisão civil por dívida (inciso LXVII) JURISPRUDÊNCIA “É ilícita a prisão civil do depositário infiel, qualquer que seja a modalidade de depósito”45. Gratuidade do habeas corpus, habeas data e dos atos de exercício da cidadania (inciso LXXVII) JURISPRUDÊNCIA 43 STF – RE 1116949 ED/PR. 44 STF – Súmula Vinculante 11. 45 STF – Súmula Vinculante 25. Apêndice ""É imune ao pagamento de taxas para registro da regularização migratória o estrangeiro que demonstre sua condição de hipossuficiente, nos termos da legislação de regência""46. Remédios constitucionais (art. 5º, incisos LXVIII, LXIX, LXX, LXXI, LXXII, LXXIII e LXXVII) Habeas corpus (inciso LXVIII) - Outras situações em que não é cabível HC (além das mencionadas no roteiro de revisão): a) em favor de pessoa jurídica47; b) para impugnar decisões do STF (Plenários, Turma e até decisões monocráticas)48; c) para impugnar determinação de suspensão de direitos políticos ou discutir a condenação imposta em processo de impeachment; d) para impugnar pena em processo administrativo disciplinar ou para sustar o andamento do correspondente processo administrativo49; e) para impugnar quebra de sigilo bancário, fiscal ou telefônico, caso pena privativa de liberdade não seja o possível resultado de tais medidas; f) para discutir o mérito das punições disciplinares militares (mas a legalidade de tais punições pode ser questionada)50; g) contra decisão condenatória a pena de multa, ou relativo a processo em curso por infração penal a que a pena pecuniária seja a única cominada51; h) contra a imposição da pena de exclusão de militar ou de perda de patente ou de função pública52; i) quando já extinta a pena privativa de liberdade53; 46 STF – RE1018911/RR 47 STF – HC 92.921/BA. 48 STF – HC 10.959/DF. 49 STF – HC 100.664/DF. 50 STF – HC 70.648/RJ. 51 STF – Súmula 693. 52 STF – Súmula 694. 53 STF – Súmula 695. Apêndice j) contra omissão de relator de extradição, se fundado em fato ou direito estrangeiro cuja prova não constava dos autos, nem foi ele provocado a respeito54. Mandados de segurança individual e coletivo (incisos LXIX e LXX) JURISPRUDÊNCIA “Controvérsia sobre matéria de direito não impede concessão de mandado de segurança”55. “Praticado o ato por autoridade, no exercício de competência delegada, contra ela cabe o mandado de segurança ou a medida judicial”56. “Pedido de reconsideração na via administrativa não interrompe o prazo para o mandado de segurança”57. “Não compete ao Supremo Tribunal Federal conhecer originariamente de mandado de segurança contra atos de outros tribunais”58. “O mandado de segurança não é substitutivo de ação de cobrança”59. “Concessão de mandado de segurança não produz efeitos patrimoniais em relação a período pretérito, os quais devem ser reclamados administrativamente ou pela via judicial própria”60. “Não cabe condenação em honorários de advogado na ação de mandado de segurança”61. 54 STF – Súmula 692. 55 STF – Súmula 625. 56 STF – Súmula 510. 57 STF – Súmula 430. 58 STF – Súmula 624. 59 STF – Súmula 269. 60 STF – Súmula 271. 61 STF – Súmula 512. Apêndice DIREITOS POLÍTICOS CADERNO DE JURISPRUDÊNCIA JURISPRUDÊNCIA “A dissolução da sociedade ou do vínculo conjugal, no curso do mandato, não afasta a inelegibilidade prevista no § 7º, do artigo 14 da Constituição Federal”1. O enunciado da Súmula Vinculante 18 não é aplicável no caso de extinção do vínculo conjugal pela morte de um dos cônjuges2. A Lei Complementar 135/2010 (“Lei da Ficha Limpa”) é constitucional e pode ser aplicada a atos e fatos ocorridos anteriormente à sua vigência3. São inconstitucionais as disposições legais que permitem contribuições de pessoas jurídicas a campanhas eleitorais e partidos políticos4. A expressão “sem individualização dos doadores”, constante do parágrafo 12 do artigo 28 da Lei Eleitoral, acrescentado pelo artigo 2º da Lei Federal 13.165/2015 (que instituiu as chamadas “doações ocultas”, aquelas em que não é possível identificar o víncu lo entre doadores e candidatos) retira transparência do processo eleitoral, frustra o exercício adequado das funções da Justiça Eleitoral e impede que o eleitor exerça com pleno esclarecimento seus direitos políticos5. A regra de suspensão dos direitos políticos prevista no art. 15, III, é autoaplicável, pois trata -se de consequência imediata da sentença penal condenatória transitada em julgado. A autoaplicação independe da natureza da pena imposta. A opção do legislador constituinte foi no sentido de que os condenados criminalmente, com trânsito em julgado, enquanto durar os efeitos da sentença condenatória, não exerçam os seus direitos políticos6. ""Não contraria o § 7º do art. 14 da Constituição da República a prática de ocupação do cargo de Presidente das Casas Legislativas (Federal, Estadual, Distrital e Municipal) por cônjuge, companheiro ou parente direto ou colateral, até o segundo grau, do Chefe do Poder Executivo do respectivo ente federado pela ausência de previsão constitucional nesse sentido.""7 “A suspensão dos direitos políticos prevista no artigo 15 inciso III da Constituição Federal - condenação criminal transitada em julgado enquanto durarem seus efeitos - não impede a nomeação e posse de 1 STF – Súmula Vinculante 18. 2 STF – RE 758.461/PB. 3 STF – ADC 29/DF. 4 STF – ADI 4.650/DF. 5 STF – ADI 5394. 6 STF – RE 601182 7 STF – ADPF 1.089 Apêndice candidato aprovado em concurso público, desde que não incompatível com a infração penal praticada, em respeito aos princípios da dignidade da pessoa humana e do valor social do trabalho (Constituição Federal, artigo 1°, incisos III e IV) e do dever do Esta do em proporcionar as condições necessárias para harmônica integração social do condenado, objetivo principal da execução penal, nos termos do artigo 1° da Lei de Execuções Penais (Lei 7.210/84). O início do efetivo exercício do cargo ficará condicionado ao regime da pena ou à decisão judicial do Juízo de Execuções, que analisará a compatibilidade de horários”. Apêndice DIREITOS SOCIAIS CADERNO DE JURISPRUDÊNCIA Direitos dos trabalhadores urbanos e rurais (art. 7º da CF/88) JURISPRUDÊNCIA “Não viola a Constituição o estabelecimento de remuneração inferior ao salário mínimo para as praças prestadoras de serviço militar inicial”1. “Salvo nos casos previstos na Constituição, o salário mínimo não pode ser usado como indexador de base de cálculo de vantagem de servidor público ou de empregado, nem ser substituído por decisão judicial”2. “A exigência constitucional de lei formal para fixação do valor do salário mínimo está atendida pela Lei 12.382/2011. A utilização de decreto presidencial, definida pela Lei 12.382/2011 como instrumento de anunciação e divulgação do valor nominal do salário mínimo de 2012 a 2015, não desobedece ao comando constitucional posto no inciso IV do art. 7º da Constituição do Brasil. A Lei 12.382/2011 definiu o valor do salário mínimo e sua política de afirmação de novos valores nominais para o período indicado (arts. 1º e 2º). Cabe ao presidente da República, exclusivamente, aplicar os índices definidos legalmente para reajuste e aumento e divulgá-los por meio de decreto, pelo que não há inovação da ordem jurídica nem nova fixação de valor”3. “É devido o adicional de serviço noturno, ainda que sujeito o empregado ao regime de revezamento”4. “A Justiça do Trabalho é competente para processar e julgar as ações de indenização por danos morais e patrimoniais decorrentes de acidente de trabalho propostas por empregado contra empregador, inclusive aquelas que ainda não possuíam sentença de mérito em primeiro grau quando da promulgação da EC 45/2004”5. “Os prazos da licença adotante não podem ser inferiores ao prazo da licença gestante, o mesmo valendo para as respectivas prorrogações. Em relação à licença adotante, não é possível fixar prazos diversos em função da idade da criança adotada”6. ""É inconstitucional norma que passou a exigir carência de 10 meses de contribuição para a concessão do salário-maternidade para as trabalhadoras autônomas (contribuintes individuais), para as trabalhadoras 1 STF – Súmula Vinculante 6. 2 STF – Súmula Vinculante 4. 3 STF – ADI 4.568. 4 STF – Súmula 213. 5 STF – Súmula Vinculante 22. 6 STF – RE 788.889/PE. Apêndice rurais (seguradas especiais) e para as contribuintes facultativas, uma vez que a exigência de cumprimento de carência apenas para algumas categorias de trabalhadoras viola o princípio da isonomia7"". “A mãe servidora ou trabalhadora não gestante em união homoafetiva tem direito ao gozo de licença maternidade. Caso a companheira tenha utilizado o benefício, fará jus à licença pelo período equivalente ao da licença-paternidade”8. É inconstitucional lei estadual que restringe o número de vagas às mulheres em concursos para Polícia Militar e Bombeiros, uma vez que é proibida expressamente a diferenciação de critérios de admissão em postos do mercado de trabalho por motivo de sexo (art. 7º, XXX), estendendo esta proibição à admissão de servidores públicos, a qual só pode ser excepcionada quando a natureza do cargo o exigir (art. 39, § 3º), sendo que a reserva do número de vagas a serem preenchidas por mulheres deve ser interpretado como uma cota mínima, ficando as demais vagas sujeitas à ampla concorrência de homens e mulheres indistintamente.9 “O prazo prescricional aplicável à cobrança de valores não depositados no Fundo de Garantia por Tempo de Serviço (FGTS) é quinquenal, nos termos do art. 7º, XXIX, da Constituição Federal.”10 Liberdade de associação profissional ou sindical (art. 8º da CF/88) JURISPRUDÊNCIA “A contribuição confederativa de que trata o art. 8º, IV, da Constituição Federal, só é exigível dos filiados ao sindicato respectivo”11. “É constitucional a instituição, por acordo ou convenção coletivos, de contribuições assistenciais a serem impostas a todos os empregados da categoria, ainda que não sindicalizados, desde que assegurado o direito de oposição”12. “Viola os princípios constitucionais da liberdade de associação (art. 5º, inciso XX) e da liberdade sindical (art. 8º, inciso V), ambos em sua dimensão negativa, a norma legal que condiciona, ainda que indiretamente, o recebimento do benefício do seguro-desemprego à filiação do interessado a colônia de pescadores de sua região.”13 Direito de greve (art. 9º da CF/88) JURISPRUDÊNCIA 7 STF - ADIs 2.110 e ADI 2.111 8 STF – RE 1211446/SP. 9 STF - ADI 7484/PI 10 STF – RE 888815 11 STF – Súmula Vinculante 40. 12 STF – ARE 1018459 13 STF – ARE 709212 Apêndice “A simples adesão à greve não constitui falta grave”14. Geração dos direitos sociais. Reserva do possível. Mínimo existencial. Vedação ao retrocesso. Escolhas trágicas. JURISPRUDÊNCIA Embora seja dos Poderes Legislativo e Executivo, de modo primário, a prerrogativa de formular e executar políticas públicas, é possível que o Poder Judiciário determine, excepcionalmente, que tais políticas sejam implementadas pelos órgãos estatais inadimplentes15. Não é razoável exigir do Estado a imediata efetivação de direitos econômicos, sociais e culturais previstos na CF, quando comprovada de maneira objetiva a incapacidade econômico-financeira da pessoa estatal. Por outro lado, não pode o Poder Público manipular sua atividade financeira e/ou político administrativa de maneira a criar um obstáculo artificial para se esquivar de disponibilizar condições materiais mínimas de existência aos indivíduos16. É lícito ao Poder Judiciário impor à Administração Pública que execute obras emergenciais em estabelecimentos prisionais (presídios) a fim de proteger os direitos fundamentais dos detentos, assegurando-lhes o respeito à sua integridade física e moral, dand o efetividade ao postulado da dignidade da pessoa humana17. 14 STF – Súmula 316. 15 STF – RE 436.996. 16 STF – ADPF 45. 17 STF – RE 592.581. Apêndice FUNÇÕES ESSENCIAIS À JUSTIÇA CADERNO DE JURISPRUDÊNCIA Ministério Público (arts. 127 a 130-A da CF/88) JURISPRUDÊNCIA É inconstitucional lei estadual que atribui ao Procurador -Geral de Justiça prerrogativas próprias dos Chefes de Poder, uma vez que o artigo 2º da CF/88 define como Poder apenas os Poderes Legislativo, Executivo e Judiciário, não havendo menção ao Ministério Público como Poder do Estado nem assegura ao procurador-geral prerrogativas típicas dos chefes dos Poderes.1 É inconstitucional lei estadual que atribui ao Procurador -Geral de Justiça prerrogativas próprias dos Chefes de Poder, uma vez que o artigo 2º da CF/88 define como Poder apenas os Poderes Legislativo, Executivo e Judiciário, não havendo menção ao Ministério Público como Poder do Estado nem assegura ao procurador-geral prerrogativas típicas dos chefes dos Poderes.2 ""O regime de subsídio não afasta a percepção de gratificações pelo exercício de cargos em comissão ou funções de confiança por membro do Ministério Público, desde que observado o teto remuneratório constitucional, sendo a vedada a acumulação e autorizado o exercício da opção."" 3 ""A filiação político -partidária, a disputa e o exercício de cargo eletivo pelo membro do Ministério Público somente se legitimam acaso precedida de afastamento de suas funções institucionais, mediante licença.""4 “É inconstitucional a limitação de despesas da folha complementar do Ministério Público Estadual do Estado do Ceará em percentual da despesa anual da folha normal de pagamento, sem a devida participação efetiva do órgão financeiramente autônomo no ato de estipulação em conjunto dessa limitação na Lei de Diretrizes Orçamentárias.”5 “A legitimação do Ministério Público para propositura de ação civil pública está na dependência de que haja interesses transindividuais a serem defendidos, sejam eles coletivos, difusos ou transindividuais homogêneos indisponíveis.”6 1STF - ADI 7219 / RS 2STF - ADI 7219 / RS 3STF - ADI 3228 4 STF – ADI 2534 5 STF – ADI 7073 6 STJ – Resp 94307 Apêndice Abrangência do Ministério Público JURISPRUDÊNCIA “O Ministério Público junto ao Tribunal de Contas da União não dispõe de fisionomia institucional própria e, não obstante as expressivas garantias de ordem subjetiva concedidas aos seus Procuradores pela própria Constituição (art. 130), encontra -se consolidado na 'intimidade estrutural' dessa Corte de Contas, que se acha investida – 'até mesmo em função do poder de autogoverno que lhe confere a Carta Política (art. 73, caput, in fine)' – da prerrogativa de fazer instaurar o processo legislativo concernente à sua organização, à sua estruturação interna, à definição do seu quadro de pessoal e à criação dos cargos respectivos. Só cabe lei complementar, no sistema de direito positivo brasileiro, quando formalmente reclamada a sua edição por norma constitucional explícita. A especificidade do Ministério Público que atua perante o TCU, e cuja existência se projeta num domínio institucional absolutamente diverso daquele em que se insere o Ministério Público da União, faz com que a regulação de sua organização, a discriminação de suas atribuições e a definição de seu estatuto sejam passíveis de veiculação mediante simples lei ordinária, eis que a edição de lei complementar é reclamada, no que concerne ao Parquet, tão somente para a disciplinação normativa do Ministério Público comum (CF, art. 128, § 5º)”7. “O Ministério Público de Contas não tem legitimidade para impetrar mandado de segurança em face de acórdão do Tribunal de Contas perante o qual atua”8. Advocacia Pública (arts. 131 e 132 da CF/88) JURISPRUDÊNCIA A representação judicial e a consultoria jurídica no âmbito dos estados e no Distrito Federal é única e deve ser conduzida pela Procuradoria-Geral do ente federado9. É inconstitucional dispositivo de Constituição Estadual que prevê a descentralização da Procuradoria Geral do Estado, uma vez que a Constituição Federal não autoriza a descentralização funcional da Procuradoria-Geral do Estado, ocorrendo, no caso, usurpação da competência da Procuradoria Estadual10. É inconstitucional o diploma normativo editado pelo Estado -membro, ainda que se trate de emenda à Constituição estadual, que outorgue a exercente de cargo em comissão ou de função de confiança, estranho aos quadros da Advocacia de Estado, o exercício, no âmbito do Poder Executivo local, de atribuições inerentes à representação judicial e ao desempenho da atividade de consultoria e de assessoramento jurídicos, pois tais encargos traduzem prerrogativa institucional outorgada, em caráter 7 STF – ADI 789. 8 STF - RE 1178617 9 STF - ADIs 5262, 5215 e 4449 10 STF - ADI 241 Apêndice de exclusividade, aos Procuradores do Estado pela própria Constituição da República.11 É inconstitucional Dispositivo da Constituição Estadual que confere inamovibilidade aos procuradores estaduais, uma vez que os procuradores são advogados que representam a parte do processo, e, como tal, não têm essa garantia constitucional12. É inconstitucional lei estadual que atribui à Procuradoria Geral do Estado a competência para controle dos serviços jurídicos de empresas públicas e sociedades de economia mista, uma vez que o artigo 132 da CF/88 confere às procuradorias atribuição para representação judicial e a consultoria jurídica nos estados, aí compreendidas a administração pública direta, as autarquias e as fundações, mas não às empresas públicas e sociedades de economia mista13. “A expressão ‘procuradores’ contida na parte final do inciso XI do artigo 37 da Constituição da República compreende os procuradores municipais, uma vez que estes se inserem nas funções essenciais à Justiça, estando, portanto, submetidos ao teto de 90,75% do subsídio mensal em espécie dos ministros do Supremo Tribunal Federal”14. “Os Procuradores da Fazenda Nacional não possuem direito a férias de 60 dias, nos termos da legislação infraconstitucional e constitucional vigentes”15. ""1. A instituição de Procuradorias municipais depende da escolha política autônoma de cada município, no exercício da prerrogativa de sua auto-organização. 2. É inconstitucional a interpretação de norma estadual que conduza à obrigatoriedade de implementação de Procuradorias municipais, eis que inexiste norma constitucional de reprodução obrigatória que vincule o poder legislativo municipal à criação de órgãos próprios de advocacia pública. Precedentes. 3. É materialmente inconstitucional dispositivo de Constituição Estadual que estabeleça a possibilidade de contratação direta e genérica de serviços de representação judicial e extrajudicial, por ferir a regra constitucional de concurso público. 4. Realizada a opção política municipal de instituição de órgão próprio de procuradoria, a composição de seu corpo técnico está vinculada à incidência das regras constitucionais, dentre as quais o inafastável dever de promoção de concurso público (artigo 37, inciso II, da Constituição Federal) [ressalvadas as situações excepcionais situações em que também à União, aos Estados e ao Distrito Federal pode ser possível a contratação de advogados externos, conforme os parâmetros reconhecidos pela jurisprudência do STF].16"" “Os princípios institucionais e as prerrogativas funcionais do Ministério Público e da Defensoria Pública não podem ser estendidos às Procuradorias de Estado, porquanto as atribuições dos procuradores de 11 STF – ADI 4843/PB 12 STF - ADI 1246 13 STF – ADI 3536 14 STF - RE 663696 15 STF – RE 594481 16 STF - ADI 6331/PE Apêndice estado – sujeitos que estão à hierarquia administrativa [pois integram os respectivos Poderes Executivos] – não guardam pertinência com as funções conferidas aos membros daquelas outras instituições.”17 Defensoria Pública (arts. 134 e 135 da CF/88) JURISPRUDÊNCIA É inconstitucional norma estadual que estabeleça a vinculação da Defensoria Pública Estadual a alguma Secretaria de Estado18. É inconstitucional lei estadual que vincula parcela significativa do orçamento da Defensoria Pública à prestação de assistência jurídica suplementar (por advogados privados dativos), por violação à autonomia da instituição, padecendo ainda de vício de iniciativa sua propositura pelo Poder Executivo (art. 134, §§ 2º e 4º, da Constituição Federal). 19 17 STF - ADI 217 e ADI 291 18 STF – ADI 4056. 19 STF – ADI 5644. Apêndice ORGANIZAÇÃO DO ESTADO CADERNO DE JURISPRUDÊNCIA Composição da organização político-administrativa da República Federativa do Brasil e alterações territoriais (art. 18 da CF/88) JURISPRUDÊNCIA “""A imposição judicial para que um ente público execute serviços que não são de sua atribuição primária contraria os princípios constitucionais de distribuição de competências no âmbito federativo"", não podendo a ""cooperação intergovernamental"" ""servir de b ase para a imposição de obrigações que extrapolem os limites constitucionais de competência"" (no caso, determinação da realização de obra de saneamento pelo Estado em determinada rua de um de seus Municípios)"".1 Repartição de competências entre os entes federativos Competências privativas da União (art. 22 da CF/88) - O STF 2 entende que compete exclusivamente à União autorizar e fiscalizar a produção e o comércio de material bélico (art. 21, VI, da CF), bem como legislar sobre a mesma temática (matéria bélico) (art. 22, XXI, da CF). Além disso, o STF 3 entende que é vedada a edição de leis estaduais ou municipais, contra ou a favor da linguagem neutra em sistemas de ensino, uma vez que q ualquer mudança jurídica no ensino do idioma oficial brasileiro, tal como atualmente disciplinado pela União, depende do exercício de sua competência privativa para legislar sobre diretrizes e bases da educação (CF, art. 22, XXIV), bem como sobre normas de uso da língua portuguesa editadas em consonância com o art. 13 da Constituição Federal. - Outros precedente(s) e/ou entendimento(s) jurisprudencial(is) importante(s): JURISPRUDÊNCIA “É inconstitucional a lei ou ato normativo estadual ou distrital que disponha sobre sistemas de consórcios e sorteios, inclusive bingos e loterias” 4. [isso porque é competência privativa da União legislar sobre sistemas de consórcios e sorteios – CF, art. 22, XX]. 1 STF – RE 1458492. 2 STF – ADI 7.450, ADI 7.269, dentre outros. 3 STF – ADI 7644 4 STF – Súmula Vinculante 2. Apêndice “A definição dos crimes de responsabilidade e o estabelecimento das respectivas normas de processo e julgamento são da competência legislativa privativa da União”5. [isso porque é competência privativa da União legislar sobre direito penal – CF, art. 22, I]. “Compete privativamente à União legislar sobre vencimentos dos membros das polícias civil e militar e do corpo de bombeiros militar do Distrito Federal”6. É inconstitucional norma estadual que cria responsabilização penal para a conduta de causar incêndio em florestas, matas e demais formas de vegetação no âmbito local e fixa hipótese de inafiançabilidade ao delito, por violar a competência privativa da Uniã o para legislar sobre direito penal e processual penal [CF/1988, art. 22, I]7. É inconstitucional lei estadual que facilita o porte de armas de fogo por atiradores desportivos, uma vez que é de competência da União autorizar e fiscalizar a produção e o comércio de material bélico e editar normais gerais sobre a matéria [art. 21, VI e art. 22, XXI]8. É inconstitucional lei municipal que proíbe conteúdo pedagógico relativas a identidade de gênero nos currículos escolares da rede pública, uma vez que são exaustivas as diretrizes editadas pela União [Competência privativa da União – inciso XXIV, art. 24 da CF/88]9. É inconstitucional lei estadual que trata de porte de arma a servidores da área administrativa da polícia penal estadual, uma vez que cabe apenas à União autorizar e fiscalizar o uso de material bélico e legislar sobre a matéria e sobre direito penal, em razão da necessidade de previsão uniforme sobre o uso de arma de fogo no território nacional, matéria que afeta a segurança de toda a coletividade. 10 “São constitucionais as leis dos Estados, Distrito Federal e Municípios que, no procedimento licitatório, antecipam a fase da apresentação das propostas à da habilitação dos licitantes, em razão da competência dos demais entes federativos de legislar sobre procedimento administrativo”11 (não havendo de se falar, portanto, de afronta à competência da União para legislar sobre normas gerais de licitações prevista no art. 22, inciso XXVII, da CF/88 por parte daquelas normas). ""É formalmente inconstitucional legislação editada por estado -membro que atribua a instituições financeiras a responsabilidade pela realização de prova de vida de beneficiários do Regime Geral de Previdência Social, por violação do art. 22, inciso XXIII, da Constituição da República."" 12 Competência legislativa concorrente (art. 24 da CF/88) JURISPRUDÊNCIA Ainda que os Estados tenham legitimidade para legislar sobre direito do consumidor, é inconstitucional lei estadual que dispõe além do equilíbrio da relação de consumo, ingressando em definições próprias 5 STF – Súmula Vinculante 46. 6 STF – Súmula Vinculante 39. 7 STF – ADI 7712. 8 STF - ADIs 7072, 7570, 7080 e 7090. 9 STF – ADPF 462. 10 STF – ADI 7450/MS 11 STF – RE 1.188.352 – Tema 1036 12 STF – ADI 7010 Apêndice dos serviços de telecomunicações, como a regulação de acesso à rede e a imposição de ajustes técnicos e operacionais, por invadir a competência da União privativa para legislar sobre telecomunicações (CF/1988, art. 22, IV) e exclusiva para definir a forma e o modo da exploração desses serviços (CF/1988, art. 21, XI c/c o art. 175)"" 13. Competência dos Estados-membros (art. 25, § 1º, da CF/88) JURISPRUDÊNCIA “Os Estados -membros são competentes para explorar e regulamentar a prestação de serviços de transporte intermunicipal”14. Competência dos Municípios (art. 30 da CF/88) - O STF entende que os municípios têm legitimidade para aprovar leis que proíbam a soltura de fogos de artifício e artefatos pirotécnicos que produzam estampido15. No caso, o Supremo entendeu que “o Município é competente para legislar concorrentemente sobre meio ambiente, no limite de seu interesse local e desde que esse regramento seja harmônico com a disciplina estabelecida pelos demais entes federados, assim como detém competência legislativa suplementar quanto ao tema afeto à proteção à saúde (art. 24, VI e XII, da CRFB/88)”. Assim, entendeu-se “constitucionalmente válida a opção legislativa municipal de proibir o uso de fogos de artifício de efeito sonoro ruidoso, ao promover um padrão mais elevado de proteção à saúde e ao meio ambiente, nos limites razoáveis do regular exercí cio de competência legislativa pelo ente estatal”. Foi aprovada, por fim, a seguinte tese de repercussão geral16: JURISPRUDÊNCIA “É constitucional – formal e materialmente – lei municipal que proíbe a soltura de fogos de artifício e artefatos pirotécnicos produtores de estampidos” - Outros precedente(s) e/ou entendimento(s) jurisprudencial(is) importante(s): JURISPRUDÊNCIA “É competente o Município para fixar o horário de funcionamento de estabelecimento comercial”.17 13 STF – ADI 7404/RJ 14 STF – ADI 2.349. 15 STF – RE 1210727. 16 STF – RE 1210727. 17 STF – Súmula Vinculante 38. Apêndice Municípios (arts. 29 a 31 da CF/88) JURISPRUDÊNCIA “Compete à Justiça Federal processar e julgar prefeito municipal por desvio de verba sujeita a prestação de contas perante órgão federal”18. “Compete à Justiça Estadual processar e julgar prefeito por desvio de verba transferida e incorporada ao patrimônio municipal”19. Intervenção (arts. 34 a 36 da CF/88) - Cabe ao Procurador -Geral de Justiça efetuar a representação prevista no art. 35, IV. C ontra a decisão do TJ que negue provimento à referida representação não cabe recurso extraordinário no STF, porque tal decisão não é essencialmente jurídica, mas sim político-administrativa. Precedente importante: JURISPRUDÊNCIA “Não cabe recurso extraordinário contra acórdão de Tribunal de Justiça que defere pedido de intervenção estadual em Município”20. 18 STJ – Súmula 208. 19 STJ – Súmula 209. 20 STF – Súmula 637. Apêndice PODER JUDICIÁRIO CADERNO DE JURISPRUDÊNCIA Garantias dos juízes - O STF entende que, embora o inciso I do parágrafo único do art. 95 da CF/88 fale em “uma de magistério”, é permitido o exercício da magistratura em conjunto com mais de uma função de magistério, desde que não prejudique a atividade judicante1. JURISPRUDÊNCIA Em face do art. 93, VIII -A, da Constituição Federal, a remoção de juízes precede a promoção por antiguidade, ficando cancelada anterior tese de repercussão geral em sentido contrário (Tema 964). 2 Autonomia organizacional e administrativa do Poder Judiciário JURISPRUDÊNCIA É inconstitucional dispositivo de Constituição Estadual que trata do número de desembargadores do Tribunal de Justiça Estadual, por violação ao princípio da simetria e da autonomia administrativa e financeira do Poder Judiciário3. É inconstitucional norma de Constituição Estadual de iniciativa parlamentar que, a pretexto de assegurar a efetiva democracia no processo de escolha dos dirigentes dos tribunais, estabeleceu novo universo de eleitores, em desrespeito ao princípio da separação dos Poderes [CF/1988, art. 2º] e a autonomia dos tribunais em eleger seus órgãos diretivos [CF/1988, arts. 96, I, “a”].4 Autonomia financeira do Poder Judiciário Encaminhando o Judiciário sua proposta orçamentária ao Executivo obedecendo os limites da LDO e demais requisitos previstos no art. 99, § 2º, o chefe do Poder Executivo não pode reduzir unilateralmente o orçamento proposto, cabendo a ele remetê -lo ao Poder Legislativo e, se entender pertinente, solicitar a redução pretendida, conforme entendimento do STF: JURISPRUDÊNCIA “É inconstitucional a redução unilateral pelo Poder Executivo dos orçamentos propostos pelos outros 1 STF – 3.126/DF. 2 STF – ADI 6757. 3 STF – ADI 170. 4 STF - ADI 5303 Apêndice Poderes e por órgãos constitucionalmente autônomos, como o Ministério Público e a Defensoria Pública, na fase de consolidação do projeto de lei orçamentária anual, quando tenham sido elaborados em obediência às leis de diretrizes orçamentárias e enviados conforme o art. 99, § 2º, da CRFB/88, cabendo-lhe apenas pleitear ao Poder Legislativo a redução pretendida, visto que a fase de apreciação legislativa é o momento constitucionalmente correto para o debate de possíveis alterações no Projeto de Lei Orçamentária”5. STF Competência originária do STF JURISPRUDÊNCIA Compete ao Procurador -Geral da República, e não ao STF, dirimir conflitos de competência entre o Ministério Público federal e os Ministérios Públicos dos estados 6, mas cabe ao Supremo decidir, originalmente, sobre os conflitos de competência entre Ministérios Públicos de estados -membros diferentes7. Compete ao STF julgar mandado de segurança contra ato de Comissão Parlamentar de Inquérito8 Competência recursal extraordinária do STF JURISPRUDÊNCIA “É cabível recurso extraordinário contra decisão proferida por juiz de primeiro grau nas causas de alçada, ou por turma recursal de juizado especial cível e criminal9. Conselho Nacional de Justiça (CNJ) - Ao rever o processo disciplinar de magistrados, o CNJ pode, inclusive, agravar, abrandar, cancelar ou reformar a decisão revista10; - Os estados-membros não podem criar conselho que funcione como órgão de controle interno ou externo do seu Poder Judiciário (entendimento do STF); - Outros entendimentos jurisprudenciais importantes: JURISPRUDÊNCIA “É inconstitucional, por Constituição Estadual, de órgão de controle administrativo do Poder 5 STF – ADI 5287. 6 STF – ACO/924. 7 STF – ACO 889/RJ. 8 STF – MS 23.619/DF. 9 STF – Súmula 640. 10 STF – MS 33565/DF. Apêndice Judiciário do qual participem representantes de outros Poderes ou entidades”11. “O Conselho Nacional de Justiça, embora integrando a estrutura constitucional do Poder Judiciário como órgão interno de controle administrativo, financeiro e disciplinar da magistratura – excluídos, no entanto, do alcance de referida competência o próprio Supremo Tribunal Federal e seus Ministros (ADI 3.367/DF) –, qualifica -se como instituição de caráter eminentemente administrativo, não dispondo de atribuições funcionais que lhe permitam, quer colegialmente, quer mediante atuação monocrática de seus Conselheiros ou, ainda, do Corregedor Nacional de Justiça, fiscalizar, reexaminar e suspender os efeitos decorrentes de atos de conteúdo jurisdicional emanados de magistrados e Tribunais em geral, razão pela qual mostra -se arbitrária e destituída de legitimidade jurídico-constitucional a deliberação do Corregedor Nacional de Justiça que, agindo ‘ultra vires’, paralise a eficácia de decisão que tenha concedido mandado de segurança”12. “os estados-membros carecem de competência constitucional para instituir, como órgão interno ou externo do Judiciário, conselho destinado ao controle da atividade administrativa, financeira ou disciplinar da respectiva justiça”13. Não compete ao Tribunal de Contas da União a fiscalização da destinação de recursos oriundos de prestações pecuniárias pagas em virtude de condenações criminais, surgidas da atuação jurisdicional, uma vez que viola as garantias de autonomia administrativa e financeira do Poder Judiciário (CF, arts. 96 e 99). Isso porque foram atribuídas ao Conselho Nacional de Justiça, entre outras competências, a de controlar a atuação administrativa e financeira desse Poder (CF, art. 103 -B, § 4º) e também ao Conselho da Justiça Federal (órgão com poderes correicionais, cujas decisões possuem caráter vinculante), nos termos do art. 105, § 1º, II, da Constituição Federal, a supervisão administrativa e orçamentária da Justiça Federal de primeiro e segundo grau.14 Justiça Federal JURISPRUDÊNCIA “Compete à Justiça Federal comum processar e julgar civil denunciado pelos crimes de falsificação e de uso de documento falso quando se tratar de falsificação da Caderneta de Inscrição e Registro (CIR) ou de Carteira de Habilitação de Amador (CHA), ainda que expedidas pela Marinha do Brasil”15. ""Compete à Justiça Federal processar e julgar o crime de violação de direito autoral de caráter transnacional"".16 11 STF – Súmula 649. 12 STF – MS 28.611 MC-AgR/DF. 13 STF – ADI 3.367. 14 STF – MS 39821 15 STF – Súmula Vinculante 36. 16 STF - RE 702362/RG Apêndice Justiça do Trabalho JURISPRUDÊNCIA “A Justiça do Trabalho é competente para processar e julgar as ações de indenização por danos morais e patrimoniais decorrentes de acidente de trabalho propostas por empregado contra empregador, inclusive aquelas que ainda não possuíam sentença de mérito em primeiro grau quando da promulgação da Emenda Constitucional nº 45/04”17. “A Justiça do Trabalho é competente para processar e julgar ação possessória ajuizada em decorrência do exercício do direito de greve pelos trabalhadores da iniciativa privada”18. “A competência da Justiça do Trabalho prevista no art. 114, VIII, da Constituição Federal alcança a execução de ofício das contribuições previdenciárias relativas ao objeto da condenação constante das sentenças que proferir e acordos por ela homologados”19. Justiça Estadual JURISPRUDÊNCIA É constitucional lei estadual iniciada pelo Poder Judiciário que cria novos registros de títulos e documentos e civis das pessoas jurídicas, uma vez que os Tribunais de Justiça têm competência privativa para propor leis que disponham sobre serventias judiciais e extrajudiciais20. “O art. 125, § 3º, da Constituição da República é norma de reprodução obrigatória, cabendo à lei estadual, mediante proposta do Tribunal de Justiça, criar a Justiça Militar estadual e o Tribunal de Justiça Militar” 21 Precatórios - O STF 22 entende que o Judiciário não pode aumentar hipóteses de sequestro de verbas para pagamento de precatório, tendo firmado a seguinte tese de repercussão geral: JURISPRUDÊNCIA ""O deferimento de sequestro de rendas públicas para pagamento de precatório deve se restringir às hipóteses enumeradas taxativamente na Constituição Federal de 1988.” 17 STF – Súmula Vinculante 22. 18 STF – Súmula Vinculante 23. 19 STF – Súmula Vinculante 53. 20 STF - ADI 2127 21 STF - ADI 4360 / RS 22 STF – RE 840435 / RS Apêndice - As estatais, ainda que integrantes da administração pública indireta, se submetem ao regime de execução típico de direito privado, em que o patrimônio é destinado à quitação da dívida não paga, e não se sujeitam ao regime dos precatórios. Logo, é inconstitucional lei estadual que crie a possibilidade de se utilizar para pagamento de precatórios, ou qualquer outra finalidade, valores de depósitos judiciais e administrativos decorrentes de processos em que empresas públicas e sociedades de economia mista da administração indireta sejam parte.23 - Outros precedentes e entendimentos jurisprudenciais importantes: JURISPRUDÊNCIA É necessário o “uso de precatórios no pagamento de dívidas da Fazenda Pública, independente de o débito ser proveniente de decisão concessiva de mandado de segurança, ressalvada a exceção prevista no § 3º do art. 100 da Constituição da República”24. “Não se mostra admissível a restituição administrativa do indébito reconhecido na via judicial, sendo indispensável a observância do regime constitucional de precatórios, nos termos do art. 100 da Constituição Federal”25. 23 STF - ADI 5457/AM 24 STF – ADPF 250. 25 STF – RE 1420691. Apêndice. PODER EXECUTIVO CADERNO DE JURISPRUDÊNCIA Atribuições do Presidente da República A Constituição Federal (art. 61, § 1º, II, c e e ) reserva ao chefe do Poder Executivo a iniciativa de leis que tratem do regime jurídico de servidores desse Poder ou que modifiquem a competência e o funcionamento de órgãos administrativos, sendo inconstitucional lei de iniciativa parlamentar que concede anistia a infrações administrativas praticadas por servidores civis e militares de órgãos de segurança pública.1 1 STF - ADI 4928 Apêndice PRINCÍPIOS FUNDAMENTAIS CADERNO DE JURISPRUDÊNCIA Fundamentos da República Federativa do Brasil (art. 1º, incisos I a V) JURISPRUDÊNCIA A tese da legítima defesa da honra é inconstitucional, por contrariar os princípios constitucionais da dignidade da pessoa humana (art. 1º, III, da CF), da proteção à vida e da igualdade de gênero (art. 5º, caput, da CF)1. [A tese da legítima defesa da honra era utilizada em casos de feminicídio ou agressões contra mulher para justificar o comportamento do acusado. O argumento era de que o assassinato ou a agressão eram aceitáveis quando a conduta da vítima supostamente ferisse a honra do agressor.2] “A utilização, por qualquer ente estatal, de recursos públicos para promover comemorações alusivas ao Golpe de 1964 atenta contra a Constituição [arts. 1º e 37, caput e § 1º] e consiste em ato lesivo ao patrimônio imaterial da União3”. É inconstitucional, por violação aos princípios da dignidade da pessoa humana e da igualdade, lei municipal que proíbe conteúdo pedagógico relativas a identidade de gênero nos currículos escolares da rede pública, uma vez que a identidade de gênero é manifestação da própria personalidade da pessoa humana e, como tal, cabe ao Estado apenas o papel de reconhecê-la, nunca de constituí-la. Além disso, o direito à igualdade não se esgota com a previsão normativa de acesso igualitário a bens jurídicos, mas engloba também medidas que efetivamente possibilitem tal acesso e sua efetivação concreta4. Em atenção aos direitos sexuais e reprodutivos da população LGBTI+, o Estado [no caso, o Ministério da Saúde] d eve ser garantir o acesso ao agendamento de consultas e exames, independentemente do gênero declarado da pessoa, bem como adequação do formulário da Declaração de Nascido Vivo, em conformidade com a autodeclarada identidade de gênero dos genitores [ou seja, o SUS deve garantir atendimento a pessoas trans também em relação ao sexo biológico].5 É constitucional a Lei nº 8.899/1994, que concede passe livre às pessoas portadoras de deficiência, pois é parte das políticas públicas para inserir os portadores de necessidades especiais na sociedade e objetiva a igualdade de oportunidades e a humanizaçã o das relações sociais, em cumprimento aos fundamentos da República de cidadania e dignidade da pessoa humana, o que se concretiza pela definição de meios para que eles sejam alcançados.6 1 STF – ADPF 779 2 https://portal.stf.jus.br/noticias/verNoticiaDetalhe.asp?idConteudo=511556&tip=UN. 3 STF – RE 1429329 AgR (Tema 1322) 4 STF – ADPF 462 5 STF – ADPF 787 6 ADI 2649 Apêndice Princípio da Separação dos Poderes (art. 2º) JURISPRUDÊNCIA “1. A intervenção do Poder Judiciário em políticas públicas voltadas à realização de direitos fundamentais, em caso de ausência ou deficiência grave do serviço, não viola o princípio da separação dos poderes. 2. A decisão judicial, como regra, em lugar de determinar medidas pontuais, deve apontar as finalidades a serem alcançadas e determinar à Administração Pública que apresente um plano e/ou os meios adequados para alcançar o resultado. 3. No caso de serviços de saúde, o déficit de profissionais pode ser s uprido por concurso público ou, por exemplo, pelo remanejamento de recursos humanos e pela contratação de organizações sociais (OS) e organizações da sociedade civil de interesse público (OSCIP).” 7 7 STF - RE 684612 Apêndice PROCESSO LEGISLATIVO E MODIFICAÇÃO DA CONSTITUIÇÃO CADERNO DE JURISPRUDÊNCIA Iniciativa das leis - Como mencionado no roteiro de revisão, por simetria, as matérias previstas no § 1º do art. 61 da CF/88 que são de iniciativa privativa do Presidente da República, serão de iniciativa privativa do chefe do Poder Executivo também nos Estados e Municípios. Sobre este ponto, cabe trazer um precedente jurisprudencial importante: JURISPRUDÊNCIA Lei estadual de iniciativa parlamentar que exige a presença de professor extra em classe da rede básica de ensino com aluno pessoa com deficiência é inconstitucional, uma vez que cabe somente ao governador a iniciativa de propor leis que disponham sobre servidores públicos1. - Como mencionado no roteiro de revisão, os outros Poderes não podem obrigar o Chefe do Poder Executivo a exercer a iniciativa privativa de lei: em matéria orçamentária, ele é constitucionalmente obrigado a exercê-la (ADCT, art. 35, § 2º, I a III) e, nos demais casos, possui a conveniência e a oportunidade para decidir quanto ao seu exercício. Sobre este ponto, cabe trazer um precedente jurisprudencial importante: JURISPRUDÊNCIA Regra de lei estadual de iniciativa parlamentar que impunha ao Poder Executivo a concessão de estímulos financeiros às cooperativas, com a criação de um fundo financeiro, é inconstitucional por afrontar o princípio da separação dos poderes2. - Outros entendimentos jurisprudenciais importantes: JURISPRUDÊNCIA ""É comum aos poderes Executivo (decreto) e Legislativo (lei formal) a competência destinada a denominação de próprios, vias e logradouros públicos e suas alterações, cada qual no âmbito de suas atribuições""3. “As regras de iniciativa reservada previstas na Carta da República não se aplicam às normas originárias das constituições estaduais ou da Lei Orgânica do Distrito Federal.”4 1 STF – ADI 5786 2 STF – ADI 2811 3 STF – RE 1151237 Apêndice Emendas aos projetos de lei JURISPRUDÊNCIA “o projeto de lei sobre organização judiciaria pode sofrer emendas parlamentares de que resulte, até mesmo, aumento da despesa prevista”5. É inconstitucional lei complementar decorrente de emenda parlamentar que não guarda estrita pertinência com o objeto do projeto de lei de iniciativa privativa do Tribunal de Contas, originalmente encaminhado à Casa Legislativa (prática conhecida como ""contrabando legislativo"")6. “Não precisa ser reapreciada pela Câmara dos Deputados expressão suprimida pelo Senado Federal em texto de projeto que, na redação remanescente, aprovada de ambas as Casas do Congresso, não perdeu sentido normativo.”7 Sanção e veto em projetos de lei JURISPRUDÊNCIA “A sanção do projeto de lei não convalida o vício de inconstitucionalidade resultante da usurpação do poder de iniciativa. A ulterior aquiescência do chefe do Poder Executivo, mediante sanção do projeto de lei, ainda quando dele seja a prerrogativa usurpada, não tem o condão de sanar o vício radical da inconstitucionalidade.”8 Processo legislativo de emenda à Constituição JURISPRUDÊNCIA “O início da tramitação da proposta de emenda no Senado Federal está em harmonia com o disposto no art. 60, I, da CF, que confere poder de iniciativa a ambas as Casas Legislativas.”9 É inconstitucional a exigência de 2/3 dos membros da assembleia estadual legislativa para aprovação de projeto de alteração do texto constitucional local, devendo ser aplicado o princípio da simetria. O processo legislativo de reforma constitucional do Estado-membro integra o poder constituinte derivado decorrente e, por conseguinte, retira sua força da Constituição Federal. Esse fundamento constitucional implica limitação e formalidades a serem observadas nas dimensões da sua auto -organização e autolegislação, sendo as normas disciplinadoras do processo legislativo de reforma constitucional, como o quórum de aprovação, de observância obrigatória pelos Estados-membros.10 4 STF - ADI 1167 5 STF – ADI 1.201-1/RO 6 STF – ADI 7230 7 STF - ADI 3367 8 STF – ADI 2867 9 STF – ADI 2031 10 STF – ADI 6543 Apêndice Medidas Provisórias (MPs) JURISPRUDÊNCIA “É inconstitucional medida provisória ou lei decorrente da conversão de medida provisória, cujo conteúdo normativo caracterize a reedição, na mesma sessão legislativa, de medida provisória anterior rejeitada, de eficácia exaurida por decurso do prazo ou que ainda não tenha sido apreciada pelo Congresso Nacional dentro do prazo estabelecido pela Constituição Federal”11. O regime de urgência previsto no art. 62, § 6º, da Constituição da República – que impõe o sobrestamento das deliberações legislativas das Casas do Congresso Nacional – incide, tão-somente, sobre aquelas matérias que se mostram passíveis de regramento por medida provisória, excluídos, em consequência, do bloqueio procedimental imposto pelo mencionado preceito constitucional as propostas de emenda à Constituição e os projetos de lei complementar, de decreto legislativo, de resolução e, até mesmo, tratando -se de projetos de lei ordinária, aqueles que veiculem temas pré excluídos do âmbito de incidência das medidas provisórias (CF, art. 62, § 1º, I, II e IV)12. Outros entendimentos importantes JURISPRUDÊNCIA “A lei que veicula matéria estranha ao enunciado constante de sua ementa não ofende qualquer postulado inscrito na Constituição e nem vulnera qualquer princípio inerente ao processo legislativo. Inexistência, no vigente sistema de direito constitucional positivo brasileiro, de regra idêntica a consagrada pelo art. 49 da revogada CF de 1934.” 13 11 STF – ADIs 5709, 5716, 5717 e 5727 12 STF – MS 27931 13 STF - ADI 1096 Apêndice LISTAS DE COMECE POR AQUI! Olá! Aqui você encontra, separadas por assunto, listas de questões e respectivos gabaritos, para que você possa testar seus conhecimentos de maneira rápida e até mesmo criar simulados para a sua prova. São exatamente as mesmas questões que já foram comentadas nas aulas do nosso curso, portanto aqui as questões não possuem"
"pc_pe_2027_material_00584","Noções de Direito","Noções de Direito/curso-362008-aula-03-4c2e-completo.pdf","9-24","multipla_escolha","answer_missing|oversized_question_block","Noções de Direito Constitucional","1. Constituição da República Federativa do Brasil de 1988","Poder constituinte originário, derivado e decorrente","1","9.35","São fundamentos da República a autonomia, cidadania, dignidade da pessoa humana, valores sociais do trabalho e da livre iniciativa e pluralismo político. 2) A cidadania é um dos fundamentos e visa garantir a participação popular nas decisões políticas do Estado, sendo intimamente ligada à democracia. 3) Apenas a União possui soberania na federação brasileira. 4) A dignidade da pessoa humana é um fundamento que aponta como núcleo referencial do Estado brasileiro a propriedade e as corporações. 5) O fundamento que versa sobre os valores sociais do trabalho e da livre iniciativa visa proteger o trabalho exercido, desde que contenha finalidade lucrativa. . ) A República Federativa do Brasil, formada pela união indissolúvel dos Estados e Municípios e do Distrito Federal, constitui -se em Estado Democrático de Direito e tem como fundamentos, dentre outros, a independência nacional, a cidadania e a dignidade da pessoa humana. 7) A República Federativa do Brasil tem como um de seus fundamentos a promoção do bem de todos, sem preconceitos de origem, raça, sexo, cor, idade e quaisquer outras formas de discriminação. 8) São objetivos fundamentais da República Federativa do Brasil reduzir a pobreza e a marginalização e erradicar as desigualdades sociais e regionais. 9) Os valores sociais do trabalho e da livre iniciativa constituem objetivos fundamentais da República Federativa do Brasil. 10) O pluralismo político é um dos fundamentos da República Federativa do Brasil e o poder será exercido pelo povo por meio de representantes eleitos ou diretamente, nos termos da Constituição. 11) Nas relações internacionais aplicam -se, dentre outros, os princípios constitucionais da intervenção, do repúdio ao terrorismo e a defesa da paz. 12) O princípio do pluralismo político refere -se à ideologia unitária de preferência político partidária. 13) Constitui objetivo fundamental a erradicação das desigualdades sociais e regionais, bem como a redução da pobreza e da marginalização. 14) A política brasileira no âmbito internacional deve buscar a integração econômica, política, social e cultural dos povos estritamente da América do Sul, visando à formação de uma comunidade latino-americana de nações. 15) Alguns dos princípios fundamentais do Estado brasileiro são a dignidade da pessoa humana; garantia do desenvolvimento nacional; concessão de asilo político; defesa da paz; prevalência dos direitos humanos; e os valores sociais do trabalho e da livre iniciativa. . GABARITO 1. E 2. C 3. E 4. E 5. E 6. E 7. E 8. E 9. E 10. C 11. E 12. E 13. E 14. E 15. C 1) São fundamentos da República a autonomia, cidadania, dignidade da pessoa humana, valores sociais do trabalho e da livre iniciativa e pluralismo político."
"pc_pe_2027_material_00638","Noções de Direito","Noções de Direito/curso-362008-aula-10-2708-completo.pdf","5-40","multipla_escolha","answer_missing|oversized_question_block","Noções de Direito Constitucional","9. Funções essenciais à Justiça e defesa do Estado","Segurança pública na Constituição do Estado de Pernambuco","1","9.1","Lei complementar estabelecerá casos de inelegibilidade e os prazos de sua cessação, a fim de proteger a probidade administrativa."
"pc_pe_2027_material_00640","Noções de Direito","Noções de Direito/curso-362008-aula-10-2708-completo.pdf","41-44","multipla_escolha","answer_missing","Noções de Direito Constitucional","4. Organização político-administrativa do Estado","União, estados, Distrito Federal, municípios e territórios","1","1.3","(...) § 4º É vedada a utilização pelos partidos políticos de organização paramilitar. 13) Os partidos políticos devem prestar suas contas ao Tribunal de Contas da União."
"pc_pe_2027_material_00682","Noções de Direito","Noções de Direito/curso-362008-aula-14-1fd4-completo.pdf","3-31","multipla_escolha","answer_missing|oversized_question_block","Noções de Direito Constitucional","4. Organização político-administrativa do Estado","União, estados, Distrito Federal, municípios e territórios","1","7.85","A fixação de remuneração dos servidores públicos ocupantes de cargo efetivo deve se realizada mediante lei específica. 2) O acesso a cargos públicos efetivos não é admitido aos estrangeiros. 3) A contratação de pessoal por tempo determinado é admitida nos casos previstos em lei. 4) A criação de autarquia deve ocorrer mediante lei específica. 5) A precedência da administração fazendária e dos seus servidores fiscais sobre os demais setores administrativos é uma previsão constitucional. . ) a investidura em cargo público efetivo ou em comissão depende de aprovação prévia em concurso público de provas ou de provas e títulos. 7) o prazo de validade do concurso público será de até dois anos, prorrogável uma vez, por mais dois anos. 8) não é garantido ao servidor público civil o direito à livre associação sindical. 9) o servidor público estável só perderá o cargo em virtude de sentença judicial transitada em julgado. 10) para aquisição da estabilidade, é indispensável a avaliação especial de desempenho por comissão instituída para essa finalidade. 11) É assegurado aos servidores públicos titulares de cargos efetivos regime de previdência de caráter contributivo e solidário, mediante contribuição oriunda de três fontes, quais sejam, do respectivo ente público, dos servidores ativos e dos pensionistas. 12) A Constituição Federal veda a possibilidade de percepção de mais de uma aposentadoria à conta do regime de previdência dos servidores públicos. 13) O regime de previdência complementar dos servidores titulares de cargo efetivo da União, dos Estados, do Distrito Federal e dos Municípios será instituído por lei de iniciativa do respectivo poder legislativo de cada ente estatal. 14) A aposentadoria compulsória dos servidores públicos, inclusive dos magistrados e membros do Ministério Público, ocorre aos setenta anos de idade. 15) A Constituição admite a instituição de regimes diferenciados de aposentadoria para servidores públicos. . ) É vedada a concessão de abono de permanência atualmente. GABARITO 1. C 2. E 3. C 4. C 5. C 6. E 7. E 8. E 9. E 10. C 11. E 12. E 13. E 14. E 15. C 16. E 1) A fixação de remuneração dos servidores públicos ocupantes de cargo efetivo deve se realizada mediante lei específica."
"pc_pe_2027_material_00714","Noções de Direito","Noções de Direito/curso-362008-aula-18-bee7-completo.pdf","3-33","multipla_escolha","answer_missing|oversized_question_block","Noções de Direito Constitucional","4. Organização político-administrativa do Estado","União, estados, Distrito Federal, municípios e territórios","1","0","O sistema de governo adotado pelo texto constitucional é o presidencialismo. 2) O cargo de chefe de Estado brasileiro é exercido pelo Presidente da República, que terá o auxílio dos Ministros de Estado que atuarão como chefes de Governo. 3) Os Ministros de Estado são escolhidos pelo chefe Poder Executivo. 4) No Brasil, as eleições presidenciais são realizadas segundo o sistema majoritário de dois turnos. 5) No Brasil é vedada a eleição de Presidente e Vice -Presidente que estejam registrados em chapas eleitorais distintas. 6) Se o Presidente da República comparecer para sua posse dentro de 10 dias da data fixada, mas o Vice - Presidente não comparecer tendo apresentado motivo de força maior, o Presidente exercerá todo o mandato sem ter um Vice-Presidente. 7) O Vice-Presidente da República que se ausentar do País por período superior a quinze dias, sem licença do Congresso Nacional, poderá perder o seu cargo. 8) O mandato do Presidente da República é de quatro anos e terá início em quinze de janeiro do ano seguinte ao da sua eleição. . ) Compete ao Presidente da República prestar anualmente, ao Congresso Nacional, dentro de sessenta dias após a abertura da sessão legislativa, as contas referentes ao exercício anterior. 10) Nos crimes de responsabilidade, o Presidente da República deverá ser julgado pelo Supremo Tribunal Federal. 11) Nos crimes de responsabilidade, a acusação contra o Presidente da República deve ser admitida pela maioria absoluta do Senado Federal. 12) Nos crimes de responsabilidade, o afastamento do Presidente da República, após a instauração do processo pelo Senado Federal, dura no máximo 120 dias. GABARITO 1. C 2. E 3. C 4. C 5. C 6.E 7.C 8.E 9.C 10.E 11.E 12.E 1) O sistema de governo adotado pelo texto constitucional é o presidencialismo."
"pc_pe_2027_material_00752","Noções de Direito","Noções de Direito/curso-362008-aula-22-4212-completo.pdf","18-35","certo_errado","oversized_question_block","Noções de Direito Constitucional","9. Funções essenciais à Justiça e defesa do Estado","Segurança pública na Constituição do Estado de Pernambuco","1","1.05","Cabe ao Ministério Público elaborar sua proposta orçamentária dentro dos limites estabelecidos na lei de diretrizes orçamentárias. 2) Cabe ao Ministério Público propor ao Poder Legislativo a criação e extinção de seus cargos e serviços auxiliares, provendo-os por concurso público de provas e títulos. 3) Cabe ao Ministério Público representar judicialmente as entidades públicas. 4) Cabe ao Ministério Público exercer o controle externo da atividade policial. 5) Compete ao CNMP elaborar relatório semestral, propondo as providências que julgar necessárias sobre a situação de cada unidade do Ministério Público no País e as atividades do Conselho. 6) Compete ao CNMP rever, de ofício ou mediante provocação, os processos disciplinares de membros do Ministério Público da União ou dos Estados julgados há menos de um ano. 7) Compete ao CNMP zelar pela autonomia funcional e administrativa do Ministério Público, podendo expedir atos gerais regulamentares, no âmbito de sua competência, vedada a recomendação de providências. . ) Compete ao CNMP receber e conhecer das reclamações contra membros ou órgãos do Ministério Público da União ou dos Estados, exceto em relação aos seus serviços auxiliares, sem prejuízo da competência disciplinar e correicional da instituição. 9) Compete ao CNMP apreciar, apenas mediante provocação, a legalidade dos atos administrativos praticados por membros ou órgãos do Ministério Público da União e dos Estados, oportunidade em que poderá desconstituí-los, revê-los ou fixar prazo para que se a dotem as providências necessárias ao exato cumprimento da lei. 10) A Advocacia -Geral da União é a instituição que representa a União, judicial e extrajudicialmente, cabendo-lhe, nos termos da lei ordinária que dispuser sobre sua organização e funcionamento, as atividades de consultoria e assessoramento jurídico do Poder Executivo. 11) Os Procuradores dos Estados e do Distrito Federal não possuem direito à vitaliciedade, mas podem adquirir estabilidade após 3 anos de efetivo exercício. 12) Cabe à FUNAI – Fundação Nacional do Índio defender judicialmente os interesses das populações indígenas. 13) O advogado é indispensável à administração da justiça, sendo absolutamente inviolável por seus atos e manifestações no exercício da profissão. 14) Leis da União e dos Estados criarão ouvidorias do Ministério Público, competentes para receber reclamações e denúncias de qualquer interessado contra membros ou órgãos do Ministério Público, inclusive contra seus serviços auxiliares, representando dire tamente ao Conselho Nacional do Ministério Público. 15) Aos Defensores Públicos é garantida remuneração mediante o pagamento de vencimentos acrescidos de honorários de sucumbência. 16) O Defensor Público pode exercer a advocacia privada, ou seja, fora de suas atribuições institucionais. 17) É garantida vitaliciedade no cargo após dois anos de efetivo exercício por parte do Defensor Público. 18) Regem a Defensoria Pública os princípios da unidade, indivisibilidade e independência funcional. . GABARITO 1. C 2. E 3. E 4. C 5. E 6.C 7.E 8.E 9.E 10.E 11.C 12.E 13.E 14.C 15.E 16.E 17.E 18.C 1) Cabe ao Ministério Público elaborar sua proposta orçamentária dentro dos limites estabelecidos na lei de diretrizes orçamentárias."
"pc_pe_2027_material_00753","Noções de Direito Administrativo","Noções de Direito Administrativo/curso-362018-apendice-464f-completo.pdf","2-19","multipla_escolha","answer_missing|oversized_question_block","Noções de Direito Administrativo","9. Controle da administração pública","Improbidade administrativa","1","2.4","Nível Médio e Superior (LQE) 69 CADERNO DE JURISPRUDÊNCIA COMECE POR AQUI! O presente caderno contém a jurisprudência que julgamos ser interessante o aluno levar à prova, considerando o nível de dificuldade do concurso. Recomendamos o estudo da presente jurisprudência não apenas por terem chances de cair em prova, mas, principalmente, por serem uma forma de o aluno entender e fixar melhor o próprio teor da literalidade dos dispositivos normativos e os conceitos doutrinários. Lembramos que a jurisprudência mais básica já se encontra no roteiro de revisão, então no presente caderno é disponibilizada uma jurisprudência de segundo nível de importância. Portanto, orientamos que o estudo da presente jurisprudência ocorra em uma fase mais avançada, quando o aluno já efetuou algumas revisões da matéria. Inclusive, um bom conhecimento das normas, da doutrina e da jurisprudência básica será necessário para que o estudo da jurisprudência presente neste caderno seja eficiente. Bons estudos! Apêndice. ORGANIZAÇÃO ADMINISTRATIVA CADERNO DE JURISPRUDÊNCIA Administração Direta JURISPRUDÊNCIA ""II - A jurisprudência do Superior Tribunal de Justiça é firme no sentido de que se aplica, no âmbito do Direito Administrativo, a Teoria do Órgão ou da Imputação, segundo a qual o agente que manifesta a vontade do Estado o faz por determinação legal."" 1 Administração Indireta Empresas estatais (empresas públicas e sociedades de economia mista) - Conforme já destacado no roteiro de revisão, é cabível mandado de segurança contra ato dos dirigentes de estatais quando praticados na qualidade de autoridade pública (como nas licitações e concursos públicos), mas é incabível nos atos de mera gestão econômica. Sobre o tema, é importante relembrar a súmula 333 do STJ: JURISPRUDÊNCIA Cabe mandado de segurança contra ato praticado em licitação promovida por sociedade de economia mista ou empresa pública. - Outros precedentes jurisprudenciais importantes: JURISPRUDÊNCIA ""São constitucionais as normas dos incisos I e II do § 2° do art. 17 da Lei 13.303/2016, que impõem vedações à indicação política de membros para o Conselho de Administração e para a diretoria de empresas estatais (CF, art. 173, § 1º)."" Trata -se de normas que servem como importante elemento indutor da constituição de um ambiente empresarial oxigenado pelas noções de ética pública, integridade, probidade e gestão técnica, focada na busca da eficiência, contribuindo, portanto, para a concretização do direito fundamental à boa administração. 2 Sociedade de economia mista, cuja participação acionária é negociada em Bolsas de Valores, e que, inequivocamente, está voltada à remuneração do capital de seus controladores ou acionistas, não está abrangida pela regra de imunidade tributária prevista no art. 150, VI, ‘a’, da Constituição, unicamente 1 STJ - AgInt no AREsp 1430628 2 STF – ADI 7331 Apêndice. em razão das atividades desempenhadas.3 ""Os privilégios da Fazenda Pública são inextensíveis às sociedades de economia mista que executam atividades em regime de concorrência ou que tenham como objetivo distribuir lucros aos seus acionistas. Portanto, a empresa Centrais Elétricas do Norte do Brasil S.A. - Eletronorte não pode se beneficiar do sistema de pagamento por precatório de dívidas decorrentes de decisões judiciais (art. 100 da Constituição)."" 4 Fundações Públicas JURISPRUDÊNCIA ""5. Por outro lado, as atividades de cunho econômico (respeitados os arts. 37, inciso XIX, e 173 da CF, esse com a redação dada pela EC nº 19/1998) e aquelas passíveis de delegação, porque também podem ser executadas por particulares, ainda que em parceria com o Estado, a toda evidência, se forem definidas como objetos de fundações, ainda que sejam essas instituídas ou mantidas pelo Poder Público, podem se submeter ao regime jurídico de direito privado caso as respectivas fundações também tenham sido instituídas como entes privados.""5 3 STF – Tema 508 4 STF - RE 599628 5 STF - RE 716378 Apêndice. RESPONSABILIDADE CIVIL DO ESTADO CADERNO DE JURISPRUDÊNCIA Fundamento constitucional da responsabilidade civil do Estado JURISPRUDÊNCIA ""O § 6º do artigo 37 da Magna Carta autoriza a proposição de que somente as pessoas jurídicas de direito público, ou as pessoas jurídicas de direito privado que prestem serviços públicos, é que poderão responder, objetivamente, pela reparação de danos a terceiros. Isto por ato ou omissão dos respectivos agentes, agindo estes na qualidade de agentes públicos, e não como pessoas comuns. Esse mesmo dispositivo constitucional consagra, ainda, dupla garantia: uma, em favor do particular, possibilitando lhe ação indenizatória contra a pessoa jurídica de direito público, ou de direito privado que preste serviço público, dado que bem maior, praticamente certa a possibilidade de pagamento do dano objetivamente sofrido. Outra garantia, no entanto, em prol do servidor estatal, que somente responde administrativa e civilmente perante a pessoa jurídica a cujo quadro funcional se vincular."" 1 Responsabilidade do Estado – pessoas sob guarda/custódia do Poder Público JURISPRUDÊNCIA ""não se caracteriza a responsabilidade civil objetiva do Estado por danos decorrentes de crime praticado por pessoa foragida do sistema prisional, quando não demonstrado o nexo causal direto entre o momento da fuga e a conduta praticada."" 2 ""Em caso de inobservância do seu dever específico de proteção previsto no art. 5º, inciso XLIX, da Constituição Federal, o Estado é responsável pela morte de detento.""3 Responsabilidade do Estado – concessão dos serviços públicos JURISPRUDÊNCIA ""Há responsabilidade subsidiária do Poder Concedente, em situações em que o concessionário não possuir meios de arcar com a indenização pelos prejuízos a que deu causa."" 4 ""I - A responsabilidade civil das pessoas jurídicas de direito privado prestadoras de serviço público é objetiva relativamente a terceiros usuários e não -usuários do serviço, segundo decorre do art. 37, § 6º, da Constituição Federal. II - A inequívoca presença do nexo de causalidade entre o ato administrativo e o dano causado ao terceiro não -usuário do serviço público, é condição suficiente para estabelecer a responsabilidade objetiva da pessoa jurídica de direito privado.""5 1 STF - RE 327.904/SP 2 STF - RE 608.880 3 STF – Tema 592 4 STJ - RE 1.135.927 5 STF - RE 591874 Apêndice SERVIÇOS PÚBLICOS CADERNO DE JURISPRUDÊNCIA Requisitos (princípios) do serviço adequado JURISPRUDÊNCIA ""É lícito ao concessionário de serviço público interromper, após aviso prévio, o fornecimento de energia elétrica de ente público que deixa de pagar as contas de consumo, desde que não aconteça de forma indiscriminada, preservando-se as unidades públicas essenciais.""1 1 STJ - REsp 726.627/MT Apêndice. PRINCÍPIOS DA ADMINISTRAÇÃO PÚBLICA CADERNO DE JURISPRUDÊNCIA Princípio da Publicidade JURISPRUDÊNCIA “O ato de qualquer dos poderes públicos restritivo de publicidade deve ser motivado objetiva, específica e formalmente, sendo nulos os atos públicos que imponham, genericamente e sem fundamentação válida e específica, impeditivo do direito fundamental à informação.” 1 1 STF - ADPF 872 Apêndice CONTROLE DA ADMINISTRAÇÃO CADERNO DE JURISPRUDÊNCIA Competências do Tribunal de Contas da União (art. 71 da CF/88) JURISPRUDÊNCIA “Nos processos perante o Tribunal de Contas da União asseguram -se o contraditório e a ampla defesa quando da decisão puder resultar anulação ou revogação de ato administrativo que beneficie o interessado, excetuada a apreciação da legalidade do ato de concessão inicial de aposentadoria, reforma e pensão”1. ""Em atenção aos princípios da segurança jurídica e da confiança legítima, os Tribunais de Contas estão sujeitos ao prazo de 5 anos para o julgamento da legalidade do ato de concessão inicial de aposentadoria, reforma ou pensão, a contar da chegada do processo à respectiva Corte de Contas""2. “O TCU tem legitimidade para expedição de medidas cautelares, a fim de prevenir a ocorrência de lesão ao erário ou a direito alheio, bem como garantir a efetividade de suas decisões”3. O TCU não tem competência para decretar quebra de sigilo bancário4. O TCU tem competência para requisitar informações relativas a operações de crédito originárias de recursos públicos5. “São imprescritíveis as ações de ressarcimento ao erário fundadas na prática de ato doloso tipificado na Lei de Improbidade Administrativa”6. “É prescritível a pretensão de ressarcimento ao erário fundada em decisão de Tribunal de Contas""7. ""É prescritível a ação de reparação de danos à Fazenda Pública decorrente de ilícito civil""8. Disposições gerais sobre o TCU e demais Tribunais de Contas (arts. 31, 73 e 75 da CF/88) JURISPRUDÊNCIA “No Tribunal de Contas Estadual, composto por sete conselheiros, quatro devem ser escolhidos pela 1 STF – Súmula Vinculante 3. 2 STF – RE 636553. 3 STF – MS 26.547/DF. 4 STF – MS 22.801. 5 STF – MS 33.340/DF. 6 STC – RE 852475. 7 STF – RE 636886. 8 STF – RE 669069. Apêndice Assembléia Legislativa e três pelo chefe do Poder Executivo estadual, cabendo a este indicar um dentre auditores e outro dentre membros do Ministério Público, e um terceiro a sua livre escolha”9. É inconstitucional lei estadual que concede autonomia financeira e administrativa aos ministérios públicos especiais que atuam junto aos Tribunais de Contas do estado e dos municípios, uma vez que a Constituição determina que as normas estabelecidas para a organização do Tribunal de Contas da União também se aplicam aos Tribunais de Contas dos Estados e do Distrito Federal (art. 75), possuindo o Ministério Público especial que atua junto ao TCU apenas autonomia funcional (independência para o exercício de suas funções).10 “(I) Prefeitos que ordenam despesas têm o dever de prestar contas, seja por atuarem como responsáveis por dinheiros, bens e valores públicos da administração, seja na eventualidade de darem causa a perda, extravio ou outra irregularidade que resulte em prejuízo ao erário; (II) Compete aos Tribunais de Contas, nos termos do art. 71, II, da Constituição Federal de 1988, o julgamento das contas de Prefeitos que atuem na qualidade de ordenadores de despesas; (III) A competência dos Tribunais de Contas, quando atestada a irregularidade de contas de gestão prestadas por Prefeitos ordenadores de despesa, se restringe à imputação de débito e à aplicação de sanções fora da esfera eleitoral, independentemente de ratificação pelas Câmaras Municipais, preservada a competência exclusiva destas para os fins do art. 1º, inciso I, alínea g, da Lei Complementar nº 64/1990”. 11 9 STF – Súmula 653. 10 STF - ADI 5254 11 STF – ADPF 982. Apêndice AGENTES PÚBLICOS CADERNO DE JURISPRUDÊNCIA Forma e requisitos de acesso a cargos, empregos e funções públicas - Os requisitos de acesso aos cargos, empregos e funções públicas (art. 37, inciso I da CF/88) devem estar previstos em lei, ou seja, o edital de um concurso público não pode inovar e exigir determinados requisitos como, por exemplo, limite de idade, sem previsão legal. Nesse sentido: JURISPRUDÊNCIA ""O limite de idade para a inscrição em concurso público só se legitima em face do art. 7º, XXX, da Constituição, quando possa ser justificado pela natureza das atribuições do cargo a ser preenchido""1. ""a imposição de discrímen de gênero, para fins de concurso público, só é compatível com a Constituição nos excepcionais casos em que reste inafastável a fundamentação proporcional e a legalidade da imposição""2. “Só por lei se pode sujeitar a exame psicotécnico a habilitação de candidato a cargo público”3. Não é admissível, por ato administrativo, restringir, em razão da idade, inscrição em concurso para cargo público.4 ""... somente se afigura constitucional a fixação de idade mínima em edital de concursos públicos quando respaldada por lei e justificada pela natureza das atribuições do cargo.""5 ""A exigência de altura mínima para ingresso em cargo do Sistema Único de Segurança Pública pressupõe a existência de lei e a observância dos parâmetros fixados para a carreira do exército (Lei federal nº 12.705/2012, 1,60m para homens e 1,55m para mulheres).” 6 Estão banidas das formas de investidura admitidas pela CF/1988 a ascensão e a transferência, que são formas de ingresso em carreira diversa daquela para a qual o servidor público ingressou por concurso e que não são, por isso mesmo, ínsitas ao sistema de provimento em carreira, ao contrário do que sucede com a promoção, sem a qual obviamente não haverá carreira, mas, sim, uma sucessão ascendente de cargos isolados. O inciso II do art. 37 da CF/1988 também não permite o “aproveitamento”, uma vez 1 STF – Súmula 683. 2 STF – RE 528.684/MS. 3 STF – Súmula Vinculante 44. 4 STF – Súmula 14 5 STF - ARE nº 678.112/MG 6 STF – Tema 1424. Apêndice que, nesse caso, há igualmente o ingresso em outra carreira sem o concurso exigido pelo mencionado dispositivo. 7 - O STF entende que é admissível política de reserva de vagas em concurso público para candidatas do sexo feminino, desde que não se incorra em restrição à sua participação, sendolhes assegurado o direito de concorrer à totalidade das vagas oferecidas nos certames, para além da reserva percentual (por exemplo: 10%) de vagas exclusivas8. Caso ocorra restrição à participação de candidatas do sexo feminino, há inconstitucionalidade da lei. Nesse sentido, o STF entendeu que é inconstitucional lei federal que limita em até 10% do efetivo o número de mulheres na Polícia Militar do DF e permite que o comandante -geral da PM fixe o percentual de mulheres para cada concurso, em razão de afrontar os ditames constitucionais quanto à ig ualdade de gênero e o princípio da igualdade, que garante os mesmos direitos e obrigações aos homens e mulheres (art. 5°, I, da CF/1988), proibindo a diferenciação de salários, de exercício de funções e de critério de admissão por motivo de sexo, idade, cor ou estado civil (art. 7°, XXX, da CF/1988).9 - O STF entendeu que é constitucional lei distrital que estabelece a obrigatoriedade de: (i) serem mantidas, no mínimo, 5% (cinco por cento) de pessoas com idade acima de quarenta anos, obedecido o princípio do concurso público, nos quadros da Administração Pública direta e indireta; e (ii) ser firmada cláusula, nas licitações para contratação de serviços com fornecimento de mão de obra, que assegure o mínimo de 10% (dez por cento) das vagas a pessoas com mais de quarenta anos. Na mesma ocasião, o Supremo entendeu que: a) não há invasão à seara do regramento geral sobre licitações e contratos estabelecido pela União, mas se trata precipuamente de política pública de pleno emprego, através da reserva de vagas, visando o desenvolvimento social e econômico do Distrito Federal; b) se trata de regra que personaliza o procedimento licitatório do Distrito Federal, obrigando a inclusão de determinada cláusula em suas contratações, a partir do que se encontra dentro do espaço de conformação legislativa dos Estados-membros; c) a fixação de um percentual mínimo de contração pelo poder público de empregados com mais de quarenta anos não é matéria relativa à relação empregatícia e, portanto, não se encontra regida pela Consolidação das Leis Trabalhistas; d) ações afirmativas antidiscriminatórias e a elaboração de políticas públicas que promovam o pleno emprego estão compreendidas no plexo de competências comuns dos entes federativos; 7 STF - ADI 231 8 STF – ADI 7492 9 STF - ADI 7433 MC-Ref / DF Apêndice e) se verifica presente a correlação lógica entre o fator de discrime e o fim perseguido, qual seja, o desenvolvimento econômico e social em âmbito local, eis que visa minimização do desemprego entre os adultos na faixa dos quarenta anos, os quais seriam pouco aproveitados pela iniciativa privada e não contemplados pelas políticas de incentivo à contratação jovem nem pelas políticas de proteção às pessoas idosas10. - A regra geral é que será no ato da posse, e não da inscrição do concurso público, a exigência de habilitação para o exercício do cargo (entendimento do STF e STJ) 11, tendo como exceções as seguintes: a) será na data da inscrição definitiva no concurso público a comprovação de 3 anos de atividade jurídica para os cargos de juiz e membros do Ministério Público (art. 23, § 1º da Resolução CNJ nº 75/2009); b) em concurso para policial militar, ""a comprovação do requisito etário deve ocorrer no momento da inscrição do certame""12. - Um percentual dos cargos e empregos públicos deve ser reservado para as pessoas portadoras de deficiência (art. 37, inciso VIII da CF/88). Nesse sentido: JURISPRUDÊNCIA “O portador de visão monocular tem direito de concorrer, em concurso público, às vagas reservadas aos deficientes”13. Concurso público JURISPRUDÊNCIA “é inconstitucional toda modalidade de provimento que propicie ao servidor investir -se, sem prévia aprovação em concurso público destinado ao seu provimento, em cargo que não integra a carreira na qual anteriormente investido”14. ""A transformação de carreira de nível médio em outra de nível superior, com atribuições distintas, constitui forma de provimento derivado vedada pelo art. 37, II, da CF/88.""15 ""É materialmente inconstitucional dispositivo de Constituição Estadual que estabeleça a possibilidade de contratação direta e genérica de serviços de representação judicial e extrajudicial, por ferir a regra constitucional de concurso público. (...) Realiz ada a opção política municipal de instituição de órgão 10 STF - ADI 4082 11 STF – ARE-AgR 728.049/RJ. STJ – Súmula 266. 12 STF – ARE 685870 MG. 13 STF – Súmula 377. 14 STF – Súmula 685. 15 STF – ADI 7229/AC Apêndice próprio de procuradoria, a composição de seu corpo técnico está vinculada à incidência das regras constitucionais, dentre as quais o inafastável dever de promoção de concurso público (artigo 37, inciso II, da Constituição Federal) [ressalvadas as situações excepcionais situações em que também à União, aos Estados e ao Distrito Federal pode ser possível a contratação de advogados externos, conforme os parâmetros reconhecidos pela jurisprudência do STF].16"" É inconstitucional, por dispensar o concurso público, a reestruturação de quadro funcional por meio de aglutinação, em uma única carreira, de cargos diversos, quando a nova carreira tiver atribuições e responsabilidades diferentes dos cargos originais.17 É inconstitucional o aproveitamento de servidor, aprovado em concurso público a exigir formação de nível médio, em cargo que pressuponha escolaridade superior.18 É constitucional a regra inserida no edital de concurso público, denominada cláusula de barreira, com o intuito de selecionar apenas os candidatos mais bem classificados para prosseguir no certame.19 Direitos de associação sindical e de greve dos servidores públicos JURISPRUDÊNCIA ""A administração pública deve proceder ao desconto dos dias de paralisação decorrentes do exercício do direito de greve pelos servidores públicos, em virtude da suspensão do vínculo funcional que dela decorre, permitida a compensação em caso de acordo. O d esconto será, contudo, incabível se ficar demonstrado que a greve foi provocada por conduta ilícita do Poder Público”20. ""1 - O exercício do direito de greve, sob qualquer forma ou modalidade, é vedado aos policiais civis e a todos os servidores públicos que atuem diretamente na área de segurança pública. 2 - É obrigatória a participação do Poder Público em mediação instaurada pelos órgãos classistas das carreiras de segurança pública, nos termos do art. 165 do CPC, para vocalização dos interesses da categoria""21. ""A justiça comum, federal ou estadual, é competente para julgar a abusividade de greve de servidores públicos celetistas da Administração pública direta, autarquias e fundações públicas."" 22 ""Falta razoabilidade e é contra legem normativo administrativo que impede o parcelamento em conformidade com a lei, por aplicação analógica do art 46, caput e § 1º, da Lei n. 8.112/90, a pedido do 16 STF - ADI 6331/PE 17 STF – Tema 667 18 STF – Tema 697 19 STF – RE 635739 / AL 20 STF – RE 693.456/RJ. 21 STF – ARE 654.432. 22STF - ADI 231 Apêndice interessado, dos valores a serem restituídos à Administração Pública relativos ao desconto dos dias parados em razão do movimento paredista."" 23 Remuneração dos agentes públicos e acumulação de cargos públicos JURISPRUDÊNCIA São inconstitucionais leis estaduais de iniciativa do Poder Judiciário, da Defensoria Pública, da Procuradoria-Geral de Justiça, do Tribunal de Contas e da Mesa da Assembleia Legislativa que têm como objetivo aumento remuneratório visando recuperar a perda do poder aquisitivo da moeda, por vício de iniciativa, já que tal competência é do Chefe do Poder Executivo (art. 38 inciso X, c/c alínea “a”, do inciso II, do § 1º, do art. 61 da CF/1988).24 “Salvo nos casos previstos na Constituição, o salário -mínimo não pode ser usado como indexador de base de cálculo de vantagem de servidor público ou de empregado, nem ser substituído por decisão judicial”25. “Não cabe ao poder Judiciário, que não tem função legislativa, aumentar vencimentos de servidores públicos sob o fundamento de isonomia”26. ""O direito ao auxílio-alimentação não se estende aos servidores inativos""27. “Não ofende a Constituição a correção monetária no pagamento com atraso dos vencimentos de servidores públicos28”. “No que respeita ao subteto dos servidores estaduais, a Constituição estabeleceu a possibilidade de o Estado optar entre: a definição de um subteto por poder, hipótese em que o teto dos servidores da Justiça corresponderá ao subsídio dos Desembargadores do Tribunal de Justiça (art. 37, XI, CF, na redação da Emenda Constitucional 41/2003); e a definição de um subteto único, correspondente ao subsídio mensal dos Desembargadores do Tribunal de Justiça, para todo e qualquer servidor de qualquer poder, ficando d e fora desse subteto apenas o subsídio dos Deputados (art. 37, § 12, CF, conforme redação da Emenda Constitucional 47/2005). Inconstitucionalidade da desvinculação entre o subteto dos servidores da Justiça e o subsídio mensal dos Desembargadores do Tribunal de Justiça. Violação ao art. 37, XI e § 12, CF. Incompatibilidade entre a opção pela definição de um subteto único, nos termos do art. Art. 37, § 12, CF, e definição de ""subteto do subteto"", em valor diferenciado e menor, para os servidores do Judiciário. Tratamento injustificadamente mais gravoso para esses servidores. Violação à isonomia”29. 23 STJ - RMS 49339 24 STF - ADI 5.562/RS 25 STF – Súmula Vinculante 4. 26 STF – Súmula Vinculante 37. 27 STF – Súmula Vinculante 55. 28 STF – Súmula 682. 29 STF – ADI 4.900. Apêndice “Nos casos autorizados, constitucionalmente, de acumulação de cargos, empregos e funções, a incidência do artigo 37, inciso XI, da Constituição Federal, pressupõe consideração de cada um dos vínculos formalizados, afastada a observância do teto remuneratór io quanto ao somatório dos ganhos do agente público”30. ""As hipóteses excepcionais autorizadoras de acumulação de cargos públicos previstas na Constituição Federal sujeitam -se, unicamente, a existência de compatibilidade de horários, verificada no caso concreto, ainda que haja norma infraconstitucional que limite a jornada semanal""31. A fixação de vencimentos dos servidores públicos não pode ser objeto de convenção coletiva 32. O STF vem determinando, em sede de mandado de injunção, a aplicação temporária ao setor público, no que couber, da lei de greve vigente no setor privado, em razão da inexistência, até hoje, da lei regulamentadora do direito de greve dos servidores públicos33. ""O regime administrativo -remuneratório da contratação temporária é diverso do regime jurídico dos servidores efetivos, sendo vedada a extensão por decisão judicial de parcelas de qualquer natureza, observado o Tema 551/RG.""34 ""As disposições do Decreto 5.626/05 somam -se aos preceitos da Lei 12.319/10 para evidenciar que o exercício da profissão de tradutor e intérprete de Libras exige conhecimentos técnicos e específicos relativos a um sistema linguístico próprio, totalmente di ferente da Língua Portuguesa, mas a esta associada para fins de viabilizar a comunicação com pessoas portadoras de deficiência, conduzindo à inexistência de vedação para cumulação do cargo de professor com a de tradutor e intérprete de Libras, dada a natureza técnica do cargo.""35 Estabilidade dos servidores efetivos JURISPRUDÊNCIA “Funcionário em estágio probatório não pode ser exonerado nem demitido sem inquérito ou sem as formalidades legais de apuração de sua capacidade”36. ”O estágio probatório não protege o funcionário contra a extinção do cargo”37. ""Servidor vitalício está sujeito à aposentadoria compulsória, em razão da idade."" 38 30 STF – REs 602043 e 612975. 31 STF – ARE 1.246.685/RJ. 32 STF – Súmula 679. 33 STF – MI 670/ES, dentre outros. 34 STF – Tema 1344. 35 STJ - REsp 1569547 36 STF – Súmula 21. 37 STF – Súmula 22. 38STF – Súmula nº 36 Apêndice - Ainda que os empregados públicos concursados não gozem da estabilidade prevista no art. 41 da CF/88, a sua demissão deve ser devidamente motivada, não sendo necessário procedimento administrativo, mas apenas ato formal que indique claramente, ainda que de forma simples, as razões da demissão39: JURISPRUDÊNCIA ""As empresas públicas e as sociedades de economia mista, sejam elas prestadoras de serviço público ou exploradoras de atividade econômica, ainda que em regime concorrencial, têm o dever jurídico de motivar, em ato formal, a demissão de seus empregados conc ursados, não se exigindo processo administrativo. Tal motivação deve consistir em fundamento razoável, não se exigindo, porém, que se enquadre nas hipóteses de justa causa da legislação trabalhista"". 39 STF – RE 688267 Apêndice LISTAS DE COMECE POR AQUI! Olá! Aqui você encontra, separadas por assunto, listas de questões e respectivos gabaritos, para que você possa testar seus conhecimentos de maneira rápida e até mesmo criar simulados para a sua prova. São exatamente as mesmas questões que já foram comentadas nas aulas do nosso curso, portanto aqui as questões não possuem"
"pc_pe_2027_material_00780","Noções de Direito Administrativo","Noções de Direito Administrativo/curso-362018-aula-03-1af8-completo.pdf","6-30","multipla_escolha","options_missing|oversized_question_block","Noções de Direito Administrativo","5. Regime jurídico-administrativo","Princípios expressos e implícitos da administração pública","1","6.1","Os princípios administrativos orientam a elaboração das leis administrativas, direcionam a atuação da Administração Pública e condicionam a validade de todos os atos administrativos."
"pc_pe_2027_material_00809","Noções de Direito Administrativo","Noções de Direito Administrativo/curso-362018-aula-08-3ca7-completo.pdf","3-27","multipla_escolha","answer_missing|oversized_question_block","Noções de Direito Administrativo","4. Poderes da administração pública","Poder disciplinar","1","0.65","A competência é derrogável pela vontade da Administração. 2) A definição da competência decorre de critérios em razão da matéria, da hierarquia e do lugar, dentre outros. 3) O vício de incompetência não pode ser convalidado. 4) Com o ato de delegação, a competência para a prática do ato administrativo deixa de pertencer à autoridade delegante em favor da autoridade delegada. 5) Admite-se, excepcionalmente, a avocação e a delegação de competência administrativa pela autoridade superior incompetente, nos limites definidos em lei. . ) Mérito administrativo é a margem de liberdade conferida por lei aos agentes públicos para escolherem, diante da situação concreta, a melhor maneira de atender ao interesse público. 7) Os atos administrativos vinculados são passíveis de controle pelo Poder Judiciário, enquanto os atos administrativos discricionários submetem -se apenas ao poder hierárquico da administração pública. 8) O agente responsável pela prática do ato administrativo pode dispensar a motivação do ato, a seu critério, mesmo quando prevista em lei, quando for indicado para privilegiar o princípio da eficiência. 9) Na solução de vários assuntos da mesma natureza, pode ser utilizado meio mecânico que reproduza os fundamentos das decisões, desde que não prejudique direito ou garantia dos interessados. 10) Os atos individuais são os que preordenam a regular situações específicas, relativas a destinatários certos, produzindo efeitos jurídicos no caso concreto, como acontece nos decretos expropriatórios. 11) A invalidação pela própria Administração independe de provocação do interessado. 12) Os atos enunciativos representam uma manifestação de vontade da Administração e, por isso, são considerados atos administrativos em sentido material. 13) Os atos compostos não se compõem de vontades autônomas, embora múltiplas, visto que há somente uma vontade autônoma, de conteúdo próprio, e as demais instrumentais, como acontece no visto. . ) Na caducidade há perda dos efeitos jurídicos em virtude de norma jurídica superveniente contrária àquela que respaldava a prática do ato. 15) A revogação é forma de extinção do ato administrativo discricionário que apresenta vícios de legalidade. 16) Todos os atos administrativos discricionários que se tornarem inoportunos ou inconvenientes podem ser revogados. 17) O ato administrativo praticado por agente público incompetente pode ser convalidado por aquele que possui a competência legal, desde que esta não seja exclusiva. 18) Caso não seja constatada má -fé, é de 10 anos o prazo decadencial para a Administração Pública anular atos de que decorram efeitos favoráveis para os destinatários. 19) Como regra geral, os atos administrativos eivados de algum vício facultativamente podem ser anulados. GABARITO 1. E 2. C 3. E 4. E 5. E 6. C 7. E 8. E 9. C 10. C 11. C 12. E 13. C 14. C 15. E 16. E 17. C 18. E 19. E . ) A competência é derrogável pela vontade da Administração."
"pc_pe_2027_material_00864","Noções de Direito Administrativo","Noções de Direito Administrativo/curso-362018-aula-14-faa6-completo.pdf","3-57","certo_errado","oversized_question_block","Noções de Direito Administrativo","4. Poderes da administração pública","Poder disciplinar","1","3.9","O controle da Administração Pública quanto à origem ou ao posicionamento do órgão que o efetua pode ser interno, externo e popular. 2) O controle administrativo é aquele que decorre de funções administrativas do órgão, enquanto o controle judiciário é o controle que se subdivide em controle parlamentar direto e parlamentar indireto. 3) O controle hierárquico resulta do escalonamento hierárquico dos órgãos administrativos, enquanto o controle finalístico é aquele que não possui fundamentação na hierarquia. 4) Quanto ao momento, o controle pode ser classificado como prévio, concomitante ou posterior. . ) Quanto ao aspecto da atividade administrativa controlada, o controle pode ser de legalidade ou de mérito. 6) A fiscalização contábil, financeira, orçamentária, operacional e patrimonial da União e das entidades da administração direta e indireta, quanto à legalidade, legitimidade, economicidade, aplicação das subvenções e renúncia de receitas, será exercida pelo Congresso Nacional, mediante controle externo, e pelo sistema de controle interno de cada Poder. 7) O controle hierárquico se observa quando há o escalonamento vertical e horizontal de órgãos, situação em que os órgãos se encontram subordinados sem a necessidade de lei ou norma específica para outorgar a sua competência de controle. 8) O controle finalístico é o controle exercido pela Administração direta sobre a indireta. 9) A base do controle administrativo é o exercício da autotutela. 10) São instrumentos utilizados no controle administrativo a fiscalização hierárquica, o direito de petição, o processo administrativo, incluindo os recursos administrativos, e o instrumento da arbitragem. 11) O controle legislativo se aplica estritamente à administração pública direta. 12) É possível a apreciação judicial dos atos discricionários praticados pela Administração Pública. 13) É lícito ao Poder Judiciário, em sede de controle de ato administrativo disciplinar, anular penalidade de demissão com fundamento na desproporcionalidade do ato. . ) O controle judicial ocorre sempre mediante provocação e é, via de regra, uma forma de controle a posteriori. 15) O Poder Judiciário exerce tão somente o controle da legalidade dos atos administrativos, podendo resultar na confirmação ou não da validade do ato. 16) O Poder Judiciário, se entender pela violação a princípio da administração pública, poderá revogar o ato administrativo expedido por autoridade administrativa. . GABARITO 1. C 2. E 3. C 4. C 5. C 6. C 7. E 8. C 9. C 10. C 11. E 12. C 13. C 14. C 15. C 16. E 1) O controle da Administração Pública quanto à origem ou ao posicionamento do órgão que o efetua pode ser interno, externo e popular."
"pc_pe_2027_material_00902","Noções de Direito Administrativo","Noções de Direito Administrativo/curso-362018-aula-19-2634-completo.pdf","12-37","multipla_escolha","answer_missing|oversized_question_block","Noções de Direito Administrativo","4. Poderes da administração pública","Poder disciplinar","1","1.1","O mero exercício da função, sem comprovação de ato doloso com fim ilícito, afasta a responsabilidade por ato de improbidade administrativa. 2) Os princípios constitucionais do direito administrativo sancionador devem ser aplicados ao sistema da improbidade disciplinado na Lei de Improbidade Administrativa. 3) Estão sujeitos às penalidades da Lei 8.429/1992 os atos de improbidade praticados contra entidade para cuja criação o erário haja concorrido com valor superior a, pelo menos, setenta por cento do patrimônio. 4) Estão sujeitos às penalidades da Lei 8.429/1992 os atos de improbidade praticados contra o patrimônio de entidade que receba subvenção de órgão público. . ) As disposições da Lei 8.429/1992 são aplicáveis, no que couber, àquele que, mesmo não sendo agente público, induza dolosamente para a prática do ato de improbidade. 6) A Lei de Improbidade Administrativa apresenta rol exemplificativo de condutas que resultam em atos de improbidade administrativa que importam enriquecimento ilícito. 7) Ocorrendo lesão ao patrimônio público por ação ou omissão, dolosa, do agente ou de terceiro, dar-se-á o integral ressarcimento do dano e, no caso de enriquecimento ilícito, perderá o agente público ou terceiro beneficiário os bens ou valores acrescidos ilicitamente ao seu patrimônio. 8) É possível que um agente público pratique conduta caracterizada como ato de improbidade administrativa e seja punido também com detenção. 9) Não constitui crime previsto na Lei de Improbidade Administrativa a representação por ato de improbidade contra agente público ou terceiro beneficiário, quando o autor da denúncia o sabe inocente. 10) A posse e o exercício de agente público ficam condicionados à apresentação de declaração de imposto de renda e proventos de qualquer natureza, que tenha sido apresentada à Secretaria Especial da Receita Federal do Brasil, a fim de ser arquivada no serviço de pessoal competente. 11) Para a instauração de investigação para apurar a prática de atos de improbidade administrativa, qualquer pessoa pode representar à autoridade administrativa. 12) A representação para a apuração administrativa de improbidade deverá ser escrita e conterá no mínimo: a qualificação do representante, as informações sobre o fato e a indicação das provas de que tenha conhecimento. 13) Mesmo quando houver a rejeição de representação para a apuração administrativa de improbidade por não suprir as formalidades mínimas pré -estabelecidas, poderá o Ministério . Público instaurar inquérito civil quando o caso tratar de apuração de ilícitos previstos na Lei 8.429/1992. 14) A comissão processante dará conhecimento ao Ministério Público ou ao Tribunal de Contas da existência de procedimento administrativo para apurar a prática de ato de improbidade. GABARITO 1. C 2. C 3. E 4. C 5. C 6. C 7. C 8. C 9. E 10. C 11. C 12. E 13. C 14. E 1) O mero exercício da função, sem comprovação de ato doloso com fim ilícito, afasta a responsabilidade por ato de improbidade administrativa."
"pc_pe_2027_material_00928","Processual Penal","Processual Penal/curso-362043-aula-03-c82e-completo.pdf","4-38","multipla_escolha","oversized_question_block","Noções de Direito Processual Penal","3. Prova","Exame de corpo de delito e perícias em geral","1","5.4","O silêncio é um direito garantido ao acusado, com fundamento no princípio da não autoincriminação. Com base nessa informação, assinale a alternativa correta: a) O juiz, no ato do interrogatório, informará ao acusado o direito de permanecer em silêncio. Caso o acusado opte por calar-se, o magistrado poderá usar essa atitude em seu prejuízo na sentença. b) O silêncio do acusado em interrogatório importa em confissão e pode constituir elemento para a formação do convencimento do juiz. c) O silêncio do acusado não importa em confissão e não pode ser interpretado em prejuízo da defesa. d) O princípio da vedação à autoincriminação não é um princípio constitucional implícito, estando previsto apenas no Código de Processo Penal. e) O direito ao silêncio, segundo a doutrina majoritária, constitui meio de autodefesa ativo, no qual o acusado exerce sua defesa ao optar por calar-se. 2. É princípio constitucional explícito aplicável ao processo penal, exceto:"
"pc_pe_2027_material_00934","Processual Penal","Processual Penal/curso-362043-aula-06-62f4-completo.pdf","4-23","multipla_escolha","oversized_question_block","Noções de Direito Processual Penal","1. Aplicação da lei processual penal","Disposições preliminares do Código de Processo Penal","1","3.3","Sobre prisão cautelar e definitiva, podemos afirmar, com base no CPP e na jurisprudência, que: a) É obrigatório que se realize o flagrante por parte das autoridades policiais, seus agentes e qualquer pessoa do povo, quando estiver ocorrendo um crime. b) O tempo de prisão provisória, de prisão administrativa ou de internação, no Brasil ou no estrangeiro, será computado para fins de determinação do regime inicial de pena privativa de liberdade, quando o juiz proferir sentença condenatória. c) É chamado flagrante impróprio aquele em que o agente acaba de cometer a infração penal. d) Se não houver autoridade para lavrar o auto de prisão em flagrante no local onde a prisão foi concretizada, o preso deverá ser liberado. e) A prisão preventiva não poderá ser decretada em caso de descumprimento de qualquer das obrigações impostas por força de outras medidas cautelares. 2. Sobre a prisão cautelar, fiança e a liberdade provisória, é correto o que se afirma em: a) Ausentes os requisitos que autorizam a decretação da prisão preventiva, o juiz poderá conceder liberdade provisória. b) É vedado ao juiz dispensar a fiança, mesmo que o preso não possua condições econômicas para arcar com o valor cabível. c) Não caberá fiança no crime de tortura. Todavia, é possível conceder liberdade provisória. d) É cabível arbitrar fiança no caso de prisão por inadimplemento de pensão alimentícia. e) O Delegado de Polícia somente poderá conceder fiança nos casos de infração cuja pena privativa de liberdade máxima não seja superior a 2 (dois) anos. 3. Sobre a prisão domiciliar, é incorreto afirmar: a) A prisão domiciliar consiste no recolhimento do indiciado ou acusado em sua residência, só podendo dela ausentar-se com autorização judicial. b) O juiz pode substituir a prisão preventiva pela domiciliar quando o agente for maior de 75 anos. c) O juiz pode substituir a prisão preventiva pela domiciliar quando o acusado for pessoa imprescindível aos cuidados de pessoa com deficiência. d) O juiz pode substituir a prisão preventiva pela domiciliar quando se tratar de acusada gestante, em qualquer momento da gravidez. e) O juiz pode substituir a prisão preventiva pela domiciliar quando se tratar de mulher com filho de até 12 anos de idade incompletos. 4. A respeito da prisão preventiva, considerando as inovações do Pacote Anticrime, é correto dizer que: a) A prisão preventiva poderá ser decretada como garantia da ordem pública, da ordem econômica, por conveniência da instrução criminal ou para assegurar a aplicação da lei penal, quando houver prova da existência do crime e indício suficiente de autoria e de perigo gerado pelo estado de liberdade do imputado. b) O juiz poderá decretar prisão preventiva de ofício, desde que no curso do processo criminal, sendo vedada essa atuação durante o inquérito policial. c) É possível a decretação de preventiva nos crimes dolosos com pena privativa de liberdade máxima superior a 3 anos. d) É incabível decretar prisão preventiva apenas por dúvida sobre a identidade civil da pessoa. e) O juiz não poderá revogar de ofício a prisão preventiva, em respeito ao sistema acusatório. 5. Sobre prisão em flagrante, é correto o que se observa na alternativa: a) Caso não existam testemunhas presenciais do delito, é impossível lavrar o auto de prisão em flagrante. b) Considera-se em flagrante quem praticou infração penal nas últimas 24 horas. c) Segundo o STJ, mesmo que seja decretada a prisão preventiva, não fica superada a tese de excesso de prazo na comunicação do flagrante, devendo a prisão ser relaxada. d) Só é lícito o uso de algemas em casos de resistência e de fundado receio de fuga ou de perigo à integridade física, devendo a excepcionalidade ser justificada oralmente, sob pena de responsabilidade e nulidade. e) É possível a lavratura de auto de prisão em flagrante no caso de crime cuja ação penal é pública condicionada, desde que haja representação da vítima. 6. São medidas cautelares diversas da prisão, exceto: a) Comparecimento periódico em juízo, no prazo e nas condições fixadas pelo juiz, para informar e justificar atividades. b) Monitoração eletrônica. c) Pagamento de multa. d) Fiança. e) Suspensão do exercício de função pública. 7. Sobre a prisão temporária nos crimes hediondos, é correto afirmar: a) O prazo é de 5 dias, sem possibilidade de prorrogação. b) O prazo é de 30 dias, prorrogável por igual período em caso de extrema e comprovada necessidade. c) O prazo é de 10 dias, prorrogável por igual período. d) O prazo é de 30 dias, sem possibilidade de prorrogação. e) O prazo é de 20 dias, prorrogável por igual período. 8. Sobre a decretação da prisão temporária, é correto afirmar: a) O juiz pode decretar de ofício a prisão temporária, desde que durante o processo penal. b) A prisão temporária só pode ser decretada após o oferecimento da denúncia. c) A prisão temporária será decretada pelo juiz a requerimento do Ministério Público ou por representação da autoridade policial. d) A prisão temporária tem prazo de 10 dias, prorrogável por igual período. e) A prisão temporária é cabível em qualquer infração penal, independentemente de previsão legal. 9. Sobre a prisão temporária, é incorreto afirmar que:"
"pc_pe_2027_material_01008","Raciocínio Lógico","Raciocínio Lógico/curso-362285-aula-06-af36-completo.pdf","26-27","multipla_escolha","options_incomplete","Raciocínio Lógico","15. Problemas aritméticos, geométricos e matriciais","Problemas aritméticos, geométricos e matriciais","0.379","1.95","Um controlador de tráfego aéreo observa no radar que dois aviões A e B, que se aproximam de Rio Branco, estão, respectivamente, a 50 km e 80 km de distância de seu aeroporto. No radar, verifica-se que o ângulo entre as linhas de visada formadas pelos dois aviões e o aeroporto é de 60°. A partir dessa situação, assinale a opção que corresponde à distância entre os aviões A e"
"pc_pe_2027_material_01013","Raciocínio Lógico","Raciocínio Lógico/curso-362285-aula-06-af36-completo.pdf","33-34","multipla_escolha","explanation_incomplete","Raciocínio Lógico","11. Lógica sentencial ou proposicional","Proposições simples e compostas","0.108","0","Para alcançar o ponto B, localizado em uma parede, a 12 metros do solo, uma escada com 15 metros de comprimento foi apoiada no ponto A e no ponto B, conforme a figura a seguir. Com base nessas informações, para se alcançar o ponto C, localizado na parede 28 metros acima do ponto B, o tamanho da escada, que deve ser apoiada no ponto A e no ponto C, em metros, deverá ser igual a"
"pc_pe_2027_material_01027","Raciocínio Lógico","Raciocínio Lógico/curso-362285-aula-10-d365-completo.pdf","11-11","multipla_escolha","answer_missing","Raciocínio Lógico","9. Estruturas lógicas","Estruturas lógicas","0.163","0.65","Considerando os quatro primeiros monômios da expansão de (1 + x)10 e 1,110 por 1,110 pelo binômio de Newton, assinale a opção que apresenta a aproximação obtida até a segunda casa decimal para 1,110."
